City,States,Country
Berat,Berat,Albania
Polican,Berat,Albania
Ure Vajgurore,Berat,Albania
Bulqize,Bulqize,Albania
Delvine,Delvine,Albania
Bilisht,Devoll,Albania
Maqellare,Dibre,Albania
Peshkopi,Dibre,Albania
Durres,Durres,Albania
Shijak,Durres,Albania
Cerrik,Elbasan,Albania
Elbasan,Elbasan,Albania
Kerrabe,Elbasan,Albania
Fier,Fier,Albania
Patos,Fier,Albania
Roskovec,Fier,Albania
Gjirokaster,Gjirokaster,Albania
Libohove,Gjirokaster,Albania
Gramsh,Gramsh,Albania
Krume,Has,Albania
Kavaje,Kavaje,Albania
Erseke,Kolonje,Albania
Leskovik,Kolonje,Albania
Korce,Korce,Albania
Maliq,Korce,Albania
Fushe-Kruje,Kruje,Albania
Kruje,Kruje,Albania
Mamurras,Kruje,Albania
Milot,Kruje,Albania
Kucove,Kucove,Albania
Kukes,Kukes,Albania
Lac,Kurbin,Albania
Lezhe,Lezhe,Albania
Shengjin,Lezhe,Albania
Librazhd,Librazhd,Albania
Perrenjas,Librazhd,Albania
Lushnje,Lushnje,Albania
Rrogozhine,Lushnje,Albania
Ballsh,Mallakaster,Albania
Burrel,Mat,Albania
Klos,Mat,Albania
Kraste,Mat,Albania
Ulze,Mat,Albania
Kurbnesh,Mirdite,Albania
Rreshen,Mirdite,Albania
Rubik,Mirdite,Albania
Peqin,Peqin,Albania
Kelcyre,Permet,Albania
Permet,Permet,Albania
Pogradec,Pogradec,Albania
Fierze,Puke,Albania
Fushe-Arrez,Puke,Albania
Puke,Puke,Albania
Konispol,Sarande,Albania
Sarande,Sarande,Albania
Shkoder,Shkoder,Albania
Corovode,Skrapar,Albania
Memaliaj,Tepelene,Albania
Tepelene,Tepelene,Albania
Kamze,Tirane,Albania
Paskuqan,Tirane,Albania
Tirane,Tirane,Albania
Vore,Tirane,Albania
Bajram Curri,Tropoje,Albania
Himare,Vlore,Albania
Orikum,Vlore,Albania
Selenice,Vlore,Albania
Vlore,Vlore,Albania
Canillo,Canillo,Andorra
Encamp,Encamp,Andorra
Ordino,Ordino,Andorra
Eisenstadt,Burgenland,Austria
GroBpetersdorf,Burgenland,Austria
Jennersdorf,Burgenland,Austria
Kemeten,Burgenland,Austria
Mattersburg,Burgenland,Austria
Neudorfl,Burgenland,Austria
Neusiedl am See,Burgenland,Austria
Oberwart,Burgenland,Austria
Pinkafeld,Burgenland,Austria
Rust,Burgenland,Austria
Maria Rain,Carinthia,Austria
Poggersdorf,Carinthia,Austria
Althofen,Karnten,Austria
Arnoldstein,Karnten,Austria
Bad Sankt Leonhard,Karnten,Austria
Bleiburg,Karnten,Austria
Ebenthal,Karnten,Austria
Eberndorf,Karnten,Austria
Feldkirchen,Karnten,Austria
Ferlach,Karnten,Austria
Finkenstein,Karnten,Austria
Friesach,Karnten,Austria
Hermagor,Karnten,Austria
Klagenfurt,Karnten,Austria
Klagenfurt,Karnten,Austria
Lohnsburg,Karnten,Austria
Moosburg,Karnten,Austria
Paternion,Karnten,Austria
Radentheim,Karnten,Austria
Sankt Andra,Karnten,Austria
Sankt Jakob,Karnten,Austria
Sankt Veit,Karnten,Austria
Seeboden,Karnten,Austria
Spittal,Karnten,Austria
Velden am Worthersee,Karnten,Austria
Villach,Karnten,Austria
Volkermarkt,Karnten,Austria
Wernberg,Karnten,Austria
Wolfsberg,Karnten,Austria
Amstetten,Niederosterreich,Austria
Bad Voslau,Niederosterreich,Austria
Baden,Niederosterreich,Austria
Berndorf,Niederosterreich,Austria
Boheimkirchen,Niederosterreich,Austria
Bruck an der Leitha,Niederosterreich,Austria
Brunn,Niederosterreich,Austria
Deutsch-Wagram,Niederosterreich,Austria
Ebreichsdorf,Niederosterreich,Austria
Eggendorf,Niederosterreich,Austria
Fischamend,Niederosterreich,Austria
Gablitz,Niederosterreich,Austria
Ganserndorf,Niederosterreich,Austria
Gerasdorf,Niederosterreich,Austria
Gloggnitz,Niederosterreich,Austria
Gmund,Niederosterreich,Austria
Greifenstein,Niederosterreich,Austria
GroB-Enzersdorf,Niederosterreich,Austria
GroB-Gerungs,Niederosterreich,Austria
Guntramsdorf,Niederosterreich,Austria
Haag,Niederosterreich,Austria
Hainburg,Niederosterreich,Austria
Heidenreichstein,Niederosterreich,Austria
Herzogenburg,Niederosterreich,Austria
Himberg,Niederosterreich,Austria
Hollabrunn,Niederosterreich,Austria
Horn,Niederosterreich,Austria
Klosterneuburg,Niederosterreich,Austria
Korneuburg,Niederosterreich,Austria
Kottingbrunn,Niederosterreich,Austria
Krems,Niederosterreich,Austria
Laa,Niederosterreich,Austria
Langenlois,Niederosterreich,Austria
Langenzersdorf,Niederosterreich,Austria
Leobendorf,Niederosterreich,Austria
Leopoldsdorf,Niederosterreich,Austria
Lilienfeld,Niederosterreich,Austria
Loipersdorf,Niederosterreich,Austria
Maria Enzersdorf,Niederosterreich,Austria
Melk,Niederosterreich,Austria
Mistelbach,Niederosterreich,Austria
Modling,Niederosterreich,Austria
Neulengbach,Niederosterreich,Austria
Neunkirchen,Niederosterreich,Austria
Niederleis,Niederosterreich,Austria
Ober-Grabendorf,Niederosterreich,Austria
Perchtoldsdorf,Niederosterreich,Austria
Pernitz,Niederosterreich,Austria
Pottendorf,Niederosterreich,Austria
Poysdorf,Niederosterreich,Austria
Pressbaum,Niederosterreich,Austria
Purgstall,Niederosterreich,Austria
Purkersdorf,Niederosterreich,Austria
Reichenau,Niederosterreich,Austria
Retz,Niederosterreich,Austria
Sankt Andra-Wordern,Niederosterreich,Austria
Sankt Peter in der Au,Niederosterreich,Austria
Sankt Polten,Niederosterreich,Austria
Sankt Valentin,Niederosterreich,Austria
Scheibbs,Niederosterreich,Austria
Schrems,Niederosterreich,Austria
Schwechat,Niederosterreich,Austria
Seitenstetten,Niederosterreich,Austria
Sollenau,Niederosterreich,Austria
Stockerau,Niederosterreich,Austria
Strasshof,Niederosterreich,Austria
Ternitz,Niederosterreich,Austria
Traiskirchen,Niederosterreich,Austria
Traismauer,Niederosterreich,Austria
Tulln,Niederosterreich,Austria
Vosendorf,Niederosterreich,Austria
Waidhofen,Niederosterreich,Austria
Wiener Neudorf,Niederosterreich,Austria
Wiener Neustadt,Niederosterreich,Austria
Wieselburg,Niederosterreich,Austria
Wilhelmsburg,Niederosterreich,Austria
Wolkersdorf,Niederosterreich,Austria
Ybbs,Niederosterreich,Austria
Ybbsitz,Niederosterreich,Austria
Zistersdorf,Niederosterreich,Austria
Zwettl,Niederosterreich,Austria
Alkoven,Oberosterreich,Austria
Altheim,Oberosterreich,Austria
Altmunster,Oberosterreich,Austria
Andorf,Oberosterreich,Austria
Ansfelden,Oberosterreich,Austria
Asten,Oberosterreich,Austria
Attnang-Puchheim,Oberosterreich,Austria
Aurolzmunster,Oberosterreich,Austria
Bad Goisern,Oberosterreich,Austria
Bad Hall,Oberosterreich,Austria
Bad Ischl,Oberosterreich,Austria
Braunau,Oberosterreich,Austria
Breitenfurt,Oberosterreich,Austria
Ebensee,Oberosterreich,Austria
Eferding,Oberosterreich,Austria
Engerwitzdorf,Oberosterreich,Austria
Enns,Oberosterreich,Austria
Feldkirchen an der Donau,Oberosterreich,Austria
Frankenburg,Oberosterreich,Austria
Freistadt,Oberosterreich,Austria
Gallneukirchen,Oberosterreich,Austria
Garsten,Oberosterreich,Austria
Gmunden,Oberosterreich,Austria
Gramastetten,Oberosterreich,Austria
Grieskirchen,Oberosterreich,Austria
Gunskirchen,Oberosterreich,Austria
Horsching,Oberosterreich,Austria
Kirchdorf an der Krems,Oberosterreich,Austria
Kremsmunster,Oberosterreich,Austria
Krenglbach,Oberosterreich,Austria
Laakirchen,Oberosterreich,Austria
Lenzing,Oberosterreich,Austria
Leonding,Oberosterreich,Austria
Linz,Oberosterreich,Austria
Loibichl,Oberosterreich,Austria
Marchtrenk,Oberosterreich,Austria
Mattighofen,Oberosterreich,Austria
Mauthausen,Oberosterreich,Austria
Micheldorf,Oberosterreich,Austria
Neuhofen an der Krems,Oberosterreich,Austria
Ohlsdorf,Oberosterreich,Austria
Ottensheim,Oberosterreich,Austria
Pasching,Oberosterreich,Austria
Perg,Oberosterreich,Austria
Pettenbach,Oberosterreich,Austria
Pram,Oberosterreich,Austria
Pregarten,Oberosterreich,Austria
Puchenau,Oberosterreich,Austria
Regau,Oberosterreich,Austria
Ried,Oberosterreich,Austria
Rohrbach in Oberosterreich,Oberosterreich,Austria
Rutzenmoos,Oberosterreich,Austria
Sankt Florian,Oberosterreich,Austria
Sankt Georgen,Oberosterreich,Austria
Sankt Marien,Oberosterreich,Austria
Scharding,Oberosterreich,Austria
Scharnstein,Oberosterreich,Austria
Schwertberg,Oberosterreich,Austria
Seewalchen,Oberosterreich,Austria
Sierning,Oberosterreich,Austria
Stadl-Paura,Oberosterreich,Austria
Steyr,Oberosterreich,Austria
Steyregg,Oberosterreich,Austria
Steyrermuhl,Oberosterreich,Austria
Thalheim,Oberosterreich,Austria
Timelkam,Oberosterreich,Austria
Traun,Oberosterreich,Austria
Vocklabruck,Oberosterreich,Austria
Vocklamarkt,Oberosterreich,Austria
Vorchdorf,Oberosterreich,Austria
Wels,Oberosterreich,Austria
Wilhering,Oberosterreich,Austria
Abtenau,Salzburg,Austria
Anif,Salzburg,Austria
Bad Gastein,Salzburg,Austria
Bad Hofgastein,Salzburg,Austria
Bergheim,Salzburg,Austria
Bischofshofen,Salzburg,Austria
Bruck an der GroBglocknerstraB,Salzburg,Austria
Burmoos,Salzburg,Austria
Elsbethen,Salzburg,Austria
Eugendorf,Salzburg,Austria
Forstau,Salzburg,Austria
Grodig,Salzburg,Austria
Hallein,Salzburg,Austria
Hallwang,Salzburg,Austria
Henndorf,Salzburg,Austria
Kuchl,Salzburg,Austria
Mayrhofen,Salzburg,Austria
Mittersill,Salzburg,Austria
Neumarkt,Salzburg,Austria
Oberndorf,Salzburg,Austria
Obertrum am See,Salzburg,Austria
Piesendorf,Salzburg,Austria
Puch,Salzburg,Austria
Radstadt,Salzburg,Austria
Saalfelden,Salzburg,Austria
Salzburg,Salzburg,Austria
Sankt Johann im Pongau,Salzburg,Austria
Seekirchen,Salzburg,Austria
Sieghartskirchen,Salzburg,Austria
StraBwalchen,Salzburg,Austria
Strobl,Salzburg,Austria
Tamsweg,Salzburg,Austria
Thalgau,Salzburg,Austria
Wals-Siezenheim,Salzburg,Austria
Wolfgangsee,Salzburg,Austria
Zell am See,Salzburg,Austria
Albersdorf,Schleswig-Holstein,Austria
Bad Aussee,Steiermark,Austria
Barnbach,Steiermark,Austria
Bruck an der Mur,Steiermark,Austria
Deutschlandsberg,Steiermark,Austria
Eisenerz,Steiermark,Austria
Feldbach,Steiermark,Austria
Feldkirchen bei Graz,Steiermark,Austria
Fohnsdorf,Steiermark,Austria
Frohnleiten,Steiermark,Austria
Furstenfeld,Steiermark,Austria
Gleisdorf,Steiermark,Austria
Gratkorn,Steiermark,Austria
Graz,Steiermark,Austria
Hartberg,Steiermark,Austria
Judenburg,Steiermark,Austria
Judendorf-StraBengel,Steiermark,Austria
Kapfenberg,Steiermark,Austria
Karlsdorf,Steiermark,Austria
Kindberg,Steiermark,Austria
Knittelfeld,Steiermark,Austria
Koflach,Steiermark,Austria
Krieglach,Steiermark,Austria
Lannach,Steiermark,Austria
Leibnitz,Steiermark,Austria
Leoben,Steiermark,Austria
Liezen,Steiermark,Austria
Murzzuschlag,Steiermark,Austria
Rottenmann,Steiermark,Austria
Schladming,Steiermark,Austria
Seiersberg,Steiermark,Austria
Spielberg,Steiermark,Austria
Trofaiach,Steiermark,Austria
Voitsberg,Steiermark,Austria
Wagna,Steiermark,Austria
Weiz,Steiermark,Austria
Zeltweg,Steiermark,Austria
Deutschfeistritz,Styria,Austria
Liezen,Styria,Austria
Sankt Bartholoma,Styria,Austria
Absam,Tirol,Austria
Axams,Tirol,Austria
Ebbs,Tirol,Austria
Fugen,Tirol,Austria
Hall,Tirol,Austria
Haselgehr,Tirol,Austria
Hopfgarten,Tirol,Austria
Imst,Tirol,Austria
Innsbruck,Tirol,Austria
Jenbach,Tirol,Austria
Kirchberg,Tirol,Austria
Kirchbichl,Tirol,Austria
Kitzbuhel,Tirol,Austria
Kramsach,Tirol,Austria
Kufstein,Tirol,Austria
Landeck,Tirol,Austria
Lienz,Tirol,Austria
Matrei,Tirol,Austria
Neustift im Stubaital,Tirol,Austria
Reutte,Tirol,Austria
Rum,Tirol,Austria
Sankt Johann in Tirol,Tirol,Austria
Scheffau,Tirol,Austria
Schwaz,Tirol,Austria
St. Johann Am Walde,Tirol,Austria
Telfs,Tirol,Austria
Vols,Tirol,Austria
Vomp,Tirol,Austria
Wattens,Tirol,Austria
Worgl,Tirol,Austria
Zirl,Tirol,Austria
Altach,Vorarlberg,Austria
Bludenz,Vorarlberg,Austria
Bregenz,Vorarlberg,Austria
Chassieu,Vorarlberg,Austria
Dietmannsried,Vorarlberg,Austria
Dornbirn,Vorarlberg,Austria
Feldkirch,Vorarlberg,Austria
Frastanz,Vorarlberg,Austria
Gotzis,Vorarlberg,Austria
Hard,Vorarlberg,Austria
Hochst,Vorarlberg,Austria
Hohenems,Vorarlberg,Austria
Horbranz,Vorarlberg,Austria
Hufingen,Vorarlberg,Austria
Lauterach,Vorarlberg,Austria
Lochau,Vorarlberg,Austria
Lustenau,Vorarlberg,Austria
Mittelberg,Vorarlberg,Austria
Nenzing,Vorarlberg,Austria
Nuziders,Vorarlberg,Austria
Rankweil,Vorarlberg,Austria
Schruns,Vorarlberg,Austria
Thuringen,Vorarlberg,Austria
Wolfurt,Vorarlberg,Austria
Vienna,Wien,Austria
Wien,Wien,Austria
Coopers Town,Abaco,Bahamas The
Marsh Harbour,Abaco,Bahamas The
Andros Town,Andros,Bahamas The
Nicholls Town,Andros,Bahamas The
Alice Town,Biminis,Bahamas The
Freetown,Eleuthera,Bahamas The
Rock Sound,Eleuthera,Bahamas The
Pirates Well,Mayaguana,Bahamas The
Baranavichy,Brest,Belarus
Bjaroza,Brest,Belarus
Bjeloozersk,Brest,Belarus
Brest,Brest,Belarus
David-Haradok,Brest,Belarus
Drahichyn,Brest,Belarus
Hancavichy,Brest,Belarus
Ivacevichy,Brest,Belarus
Ivanava,Brest,Belarus
Kamjenec,Brest,Belarus
Kobryn,Brest,Belarus
Kosava,Brest,Belarus
Ljahavichy,Brest,Belarus
Luninjec,Brest,Belarus
Malaryta,Brest,Belarus
Mikashevichy,Brest,Belarus
Pinsk,Brest,Belarus
Pruzhany,Brest,Belarus
Stolin,Brest,Belarus
Vysokoje,Brest,Belarus
Zhabinka,Brest,Belarus
Buda Kosheljovo,Homjel,Belarus
Chechersk,Homjel,Belarus
Dobrush,Homjel,Belarus
Hojniki,Homjel,Belarus
Homjel,Homjel,Belarus
Jelsk,Homjel,Belarus
Kalinkavichy,Homjel,Belarus
Kascjukovka,Homjel,Belarus
Mazyr,Homjel,Belarus
Narovlja,Homjel,Belarus
Pjetrykav,Homjel,Belarus
Rahachow,Homjel,Belarus
Rechyca,Homjel,Belarus
Svetlahorsk,Homjel,Belarus
Vasilevichy,Homjel,Belarus
Vjetka,Homjel,Belarus
Zhlobin,Homjel,Belarus
Zhytkavichy,Homjel,Belarus
Ashmjany,Hrodna,Belarus
Berjozovka,Hrodna,Belarus
Hrodna,Hrodna,Belarus
Lida,Hrodna,Belarus
Masty,Hrodna,Belarus
Navahrudak,Hrodna,Belarus
Shchuchyn,Hrodna,Belarus
Skidel,Hrodna,Belarus
Slonim,Hrodna,Belarus
Smarhon,Hrodna,Belarus
Vawkavysk,Hrodna,Belarus
Asipovichy,Mahiljow,Belarus
Babrujsk,Mahiljow,Belarus
Byhau,Mahiljow,Belarus
Chausy,Mahiljow,Belarus
Cherikov,Mahiljow,Belarus
Horki,Mahiljow,Belarus
Kascjukovichy,Mahiljow,Belarus
Klimavichy,Mahiljow,Belarus
Krychaw,Mahiljow,Belarus
Mahiljow,Mahiljow,Belarus
Mstislav,Mahiljow,Belarus
Shklov,Mahiljow,Belarus
Slaeuharad,Mahiljow,Belarus
Minsk,Minsk,Belarus
Petrikov,Petrik,Belarus
Baran,Vicebsk,Belarus
Braslav,Vicebsk,Belarus
Chashniki,Vicebsk,Belarus
Disna,Vicebsk,Belarus
Dokshicy,Vicebsk,Belarus
Dubrovna,Vicebsk,Belarus
Haradok,Vicebsk,Belarus
Hlybokaje,Vicebsk,Belarus
Ljepjel,Vicebsk,Belarus
Mjory,Vicebsk,Belarus
Navapolack,Vicebsk,Belarus
Novalukoml,Vicebsk,Belarus
Orsha,Vicebsk,Belarus
Pastavy,Vicebsk,Belarus
Polack,Vicebsk,Belarus
Polotsk,Vicebsk,Belarus
Senno,Vicebsk,Belarus
Talachyn,Vicebsk,Belarus
Verhnjadzvimsk,Vicebsk,Belarus
Vicebsk,Vicebsk,Belarus
Aartselaar,Antwerpen,Belgium
Antwerpen,Antwerpen,Belgium
Arendonk,Antwerpen,Belgium
Baarle-Hertog,Antwerpen,Belgium
Balen,Antwerpen,Belgium
Beerse,Antwerpen,Belgium
Berlaar,Antwerpen,Belgium
Boechout,Antwerpen,Belgium
Bonheiden,Antwerpen,Belgium
Boom,Antwerpen,Belgium
Bornem,Antwerpen,Belgium
Borsbeek,Antwerpen,Belgium
Brasschaat,Antwerpen,Belgium
Brecht,Antwerpen,Belgium
Dessel,Antwerpen,Belgium
Deurne,Antwerpen,Belgium
Duffel,Antwerpen,Belgium
Edegem,Antwerpen,Belgium
Ekeren,Antwerpen,Belgium
Essen,Antwerpen,Belgium
Geel,Antwerpen,Belgium
Geluvele,Antwerpen,Belgium
Grobbendonk,Antwerpen,Belgium
Heist-op-den-Berg,Antwerpen,Belgium
Hemiksem,Antwerpen,Belgium
Herentals,Antwerpen,Belgium
Herenthout,Antwerpen,Belgium
Herselt,Antwerpen,Belgium
Hoogstraten,Antwerpen,Belgium
Hove,Antwerpen,Belgium
Hulshout,Antwerpen,Belgium
Kalmpthout,Antwerpen,Belgium
Kalmthout,Antwerpen,Belgium
Kapellen,Antwerpen,Belgium
Kasterlee,Antwerpen,Belgium
Kontich,Antwerpen,Belgium
Laakdal,Antwerpen,Belgium
Lier,Antwerpen,Belgium
Lille,Antwerpen,Belgium
Lint,Antwerpen,Belgium
Malle,Antwerpen,Belgium
Mechelen,Antwerpen,Belgium
Meerhout,Antwerpen,Belgium
Merksplas,Antwerpen,Belgium
Mol,Antwerpen,Belgium
Mortsel,Antwerpen,Belgium
Niel,Antwerpen,Belgium
Nijlen,Antwerpen,Belgium
Olen,Antwerpen,Belgium
Oud-Turnhout,Antwerpen,Belgium
Putte,Antwerpen,Belgium
Puurs,Antwerpen,Belgium
Ranst,Antwerpen,Belgium
Ravels,Antwerpen,Belgium
Retie,Antwerpen,Belgium
Rijkevorsel,Antwerpen,Belgium
Robrechts,Antwerpen,Belgium
Rumst,Antwerpen,Belgium
Schelle,Antwerpen,Belgium
Schilde,Antwerpen,Belgium
Schoten,Antwerpen,Belgium
Sint-Amands,Antwerpen,Belgium
Sint-Katelijne-Waver,Antwerpen,Belgium
Stabroek,Antwerpen,Belgium
Turnhout,Antwerpen,Belgium
Vorselaar,Antwerpen,Belgium
Vosselaar,Antwerpen,Belgium
Westerlo,Antwerpen,Belgium
Wijnegem,Antwerpen,Belgium
Willebroek,Antwerpen,Belgium
Wilrijk,Antwerpen,Belgium
Wommelgem,Antwerpen,Belgium
Wuustwezel,Antwerpen,Belgium
Zandhoven,Antwerpen,Belgium
Zoersel,Antwerpen,Belgium
Zwijndrecht,Antwerpen,Belgium
Berchem,Berchem,Belgium
Alsemberg,Brabant,Belgium
Asse Zellik,Brabant,Belgium
Brussels,Brabant,Belgium
Bruxelles,Brabant,Belgium
Diegem,Brabant,Belgium
Alsemberg,Brabant Wallon,Belgium
Asse Zellik,Brabant Wallon,Belgium
Brussels,Brabant Wallon,Belgium
Bruxelles,Brabant Wallon,Belgium
Diegem,Brabant Wallon,Belgium
Brussel,Brussel,Belgium
Aiseau-Presles,Hainaut,Belgium
Anderlues,Hainaut,Belgium
Antoing,Hainaut,Belgium
Ath,Hainaut,Belgium
Beaumont,Hainaut,Belgium
Beloeil,Hainaut,Belgium
Bernissart,Hainaut,Belgium
Binche,Hainaut,Belgium
Boussu,Hainaut,Belgium
Braine-le-Comte,Hainaut,Belgium
Brugelette,Hainaut,Belgium
Brunehaut,Hainaut,Belgium
Celles,Hainaut,Belgium
Chapelle-lez-Herlaimont,Hainaut,Belgium
Charleroi,Hainaut,Belgium
Chatelet,Hainaut,Belgium
Chievres,Hainaut,Belgium
Chimay,Hainaut,Belgium
Colfontaine,Hainaut,Belgium
Comines-Warneton,Hainaut,Belgium
Courcelles,Hainaut,Belgium
Dour,Hainaut,Belgium
Ecaussinnes,Hainaut,Belgium
Ellezelles,Hainaut,Belgium
Enghien,Hainaut,Belgium
Erquelinnes,Hainaut,Belgium
Estaimpuis,Hainaut,Belgium
Estinnes,Hainaut,Belgium
Farciennes,Hainaut,Belgium
Fleurus,Hainaut,Belgium
Flobecq,Hainaut,Belgium
Fontaine-lEveque,Hainaut,Belgium
Frameries,Hainaut,Belgium
Frasnes-lez-Anvaing,Hainaut,Belgium
Froidchapelle,Hainaut,Belgium
Gerpinnes,Hainaut,Belgium
Haine-Saint-Pierre,Hainaut,Belgium
Ham-sur-Heure-Nalinnes,Hainaut,Belgium
Hensies,Hainaut,Belgium
Honnelles,Hainaut,Belgium
Jurbise,Hainaut,Belgium
La Louviere,Hainaut,Belgium
Le Roeulx,Hainaut,Belgium
Lens,Hainaut,Belgium
Les Bons Villers,Hainaut,Belgium
Lessines,Hainaut,Belgium
Leuze-en-Hainaut,Hainaut,Belgium
Lobbes,Hainaut,Belgium
Manage,Hainaut,Belgium
Merbes-le-Chateau,Hainaut,Belgium
Momignies,Hainaut,Belgium
Mons,Hainaut,Belgium
Mont-de-lEnclus,Hainaut,Belgium
Montigny-le-Tilleul,Hainaut,Belgium
Morlanwelz,Hainaut,Belgium
Mouscron,Hainaut,Belgium
Pecq,Hainaut,Belgium
Peruwelz,Hainaut,Belgium
Pont-a-Celles,Hainaut,Belgium
Quaregnon,Hainaut,Belgium
Quevy,Hainaut,Belgium
Quievrain,Hainaut,Belgium
Rumes,Hainaut,Belgium
Saint-Ghislain,Hainaut,Belgium
Seneffe,Hainaut,Belgium
Silly,Hainaut,Belgium
Sivry-Rance,Hainaut,Belgium
Soignies,Hainaut,Belgium
Thuin,Hainaut,Belgium
Tournai,Hainaut,Belgium
Amay,Liege,Belgium
Amel,Liege,Belgium
Angleur,Liege,Belgium
Ans,Liege,Belgium
Anthisnes,Liege,Belgium
Aubel,Liege,Belgium
Awans,Liege,Belgium
Aywaille,Liege,Belgium
Baelen,Liege,Belgium
Bassenge,Liege,Belgium
Berloz,Liege,Belgium
Beyne-Heusay,Liege,Belgium
Blegny,Liege,Belgium
Braives,Liege,Belgium
Bullingen,Liege,Belgium
Burdinne,Liege,Belgium
Burg-Reuland,Liege,Belgium
Butgenbach,Liege,Belgium
Chaudfontaine,Liege,Belgium
Clavier,Liege,Belgium
Comblain-au-Pont,Liege,Belgium
Crisnee,Liege,Belgium
Dalhem,Liege,Belgium
Dison,Liege,Belgium
Donceel,Liege,Belgium
Engis,Liege,Belgium
Esneux,Liege,Belgium
Eupen,Liege,Belgium
Faimes,Liege,Belgium
Ferrieres,Liege,Belgium
Fexhe-le-Haut-Clocher,Liege,Belgium
Flemalle,Liege,Belgium
Fleron,Liege,Belgium
Geer,Liege,Belgium
Grace-Hollogne,Liege,Belgium
Hamoir,Liege,Belgium
Hannut,Liege,Belgium
Heron,Liege,Belgium
Herstal,Liege,Belgium
Herve,Liege,Belgium
Huy,Liege,Belgium
Jalhay,Liege,Belgium
Juprelle,Liege,Belgium
Kelmis,Liege,Belgium
Liege,Liege,Belgium
Lierneux,Liege,Belgium
Limbourg,Liege,Belgium
Lincent,Liege,Belgium
Lontzen,Liege,Belgium
Malmedy,Liege,Belgium
Marchin,Liege,Belgium
Modave,Liege,Belgium
Montzen,Liege,Belgium
Nandrin,Liege,Belgium
Neupre,Liege,Belgium
Olne,Liege,Belgium
Oreye,Liege,Belgium
Ouffet,Liege,Belgium
Oupeye,Liege,Belgium
Pepinster,Liege,Belgium
Plombieres,Liege,Belgium
Racour,Liege,Belgium
Raeren,Liege,Belgium
Remicourt,Liege,Belgium
Saint-Georges-sur-Meuse,Liege,Belgium
Saint-Nicolas,Liege,Belgium
Sankt Vith,Liege,Belgium
Seraing,Liege,Belgium
Soumagne,Liege,Belgium
Spa,Liege,Belgium
Sprimont,Liege,Belgium
Stavelot,Liege,Belgium
Stoumont,Liege,Belgium
Theux,Liege,Belgium
Thimister-Clermont,Liege,Belgium
Tinlot,Liege,Belgium
Trois-Ponts,Liege,Belgium
Trooz,Liege,Belgium
Verlaine,Liege,Belgium
Verviers,Liege,Belgium
Villers-le-Bouillet,Liege,Belgium
Vise,Liege,Belgium
Waimes,Liege,Belgium
Wanze,Liege,Belgium
Waremme,Liege,Belgium
Wasseiges,Liege,Belgium
Welkenraedt,Liege,Belgium
Alken,Limburg,Belgium
As,Limburg,Belgium
Beringen,Limburg,Belgium
Bilzen,Limburg,Belgium
Bocholt,Limburg,Belgium
Borgloon,Limburg,Belgium
Bree,Limburg,Belgium
Diepenbeek,Limburg,Belgium
Dilsen-Stokkem,Limburg,Belgium
Genk,Limburg,Belgium
Gingelom,Limburg,Belgium
Halen,Limburg,Belgium
Ham,Limburg,Belgium
Hamont-Achel,Limburg,Belgium
Hasselt,Limburg,Belgium
Hechtel-Eksel,Limburg,Belgium
Heers,Limburg,Belgium
Herk-de-Stad,Limburg,Belgium
Herstappe,Limburg,Belgium
Heusden-Zolder,Limburg,Belgium
Hoeselt,Limburg,Belgium
Houthalen-Helchteren,Limburg,Belgium
Kinrooi,Limburg,Belgium
Kortessem,Limburg,Belgium
Kuringen,Limburg,Belgium
Lanaken,Limburg,Belgium
Leopoldsburg,Limburg,Belgium
Lommel,Limburg,Belgium
Lummen,Limburg,Belgium
Maaseik,Limburg,Belgium
Maasmechelen,Limburg,Belgium
Meeuwen-Gruitrode,Limburg,Belgium
Neerpelt,Limburg,Belgium
Nieuwerkerken,Limburg,Belgium
Opglabbeek,Limburg,Belgium
Overpelt,Limburg,Belgium
Peer,Limburg,Belgium
Riemst,Limburg,Belgium
Sint-Truiden,Limburg,Belgium
Tessenderlo,Limburg,Belgium
Tongeren,Limburg,Belgium
Voeren,Limburg,Belgium
Wellen,Limburg,Belgium
Zonhoven,Limburg,Belgium
Zutendaal,Limburg,Belgium
Arlon,Luxembourg,Belgium
Attert,Luxembourg,Belgium
Aubange,Luxembourg,Belgium
Bastogne,Luxembourg,Belgium
Bertogne,Luxembourg,Belgium
Bertrix,Luxembourg,Belgium
Bouillon,Luxembourg,Belgium
Chiny,Luxembourg,Belgium
Daverdisse,Luxembourg,Belgium
Durbuy,Luxembourg,Belgium
Erezee,Luxembourg,Belgium
Etalle,Luxembourg,Belgium
Fauvillers,Luxembourg,Belgium
Florenville,Luxembourg,Belgium
Gouvy,Luxembourg,Belgium
Grapfontaine,Luxembourg,Belgium
Habay,Luxembourg,Belgium
Herbeumont,Luxembourg,Belgium
Hotton,Luxembourg,Belgium
Houffalize,Luxembourg,Belgium
La Roche-en-Ardenne,Luxembourg,Belgium
Leglise,Luxembourg,Belgium
Libin,Luxembourg,Belgium
Libramont-Chevigny,Luxembourg,Belgium
Manhay,Luxembourg,Belgium
Marche-en-Famenne,Luxembourg,Belgium
Marloie,Luxembourg,Belgium
Martelange,Luxembourg,Belgium
Meix-devant-Virton,Luxembourg,Belgium
Messancy,Luxembourg,Belgium
Musson,Luxembourg,Belgium
Nassogne,Luxembourg,Belgium
Neufchateau,Luxembourg,Belgium
Paliseul,Luxembourg,Belgium
Rendeux,Luxembourg,Belgium
Rouvroy,Luxembourg,Belgium
Saint-Hubert,Luxembourg,Belgium
Saint-Leger,Luxembourg,Belgium
Sainte-Ode,Luxembourg,Belgium
Tellin,Luxembourg,Belgium
Tenneville,Luxembourg,Belgium
Tintigny,Luxembourg,Belgium
Vaux-sur-Sure,Luxembourg,Belgium
Vielsalm,Luxembourg,Belgium
Virton,Luxembourg,Belgium
Wellin,Luxembourg,Belgium
Andenne,Namur,Belgium
Anhee,Namur,Belgium
Assesse,Namur,Belgium
Beauraing,Namur,Belgium
Bievre,Namur,Belgium
Cerfontaine,Namur,Belgium
Ciney,Namur,Belgium
Couvin,Namur,Belgium
Dinant,Namur,Belgium
Doische,Namur,Belgium
Eghezee,Namur,Belgium
Fernelmont,Namur,Belgium
Floreffe,Namur,Belgium
Florennes,Namur,Belgium
Fosses-la-Ville,Namur,Belgium
Gedinne,Namur,Belgium
Gembloux,Namur,Belgium
Gesves,Namur,Belgium
Hamois,Namur,Belgium
Hastiere,Namur,Belgium
Havelange,Namur,Belgium
Houyet,Namur,Belgium
Jambes,Namur,Belgium
Jemeppe-sur-Sambre,Namur,Belgium
La Bruyere,Namur,Belgium
Malonne,Namur,Belgium
Mettet,Namur,Belgium
Namur,Namur,Belgium
Ohey,Namur,Belgium
Onhaye,Namur,Belgium
Philippeville,Namur,Belgium
Profondeville,Namur,Belgium
Rochefort,Namur,Belgium
Sambreville,Namur,Belgium
Sombreffe,Namur,Belgium
Somme-Leuze,Namur,Belgium
Suarlee,Namur,Belgium
Viroinval,Namur,Belgium
Vresse-sur-Semois,Namur,Belgium
Walcourt,Namur,Belgium
Yvoir,Namur,Belgium
Gullegem,Ontario,Belgium
Langdorp,Ontario,Belgium
Aalst,Oost-Vlaanderen,Belgium
Aalter,Oost-Vlaanderen,Belgium
Assenede,Oost-Vlaanderen,Belgium
Berlare,Oost-Vlaanderen,Belgium
Beveren,Oost-Vlaanderen,Belgium
Brakel,Oost-Vlaanderen,Belgium
Buggenhout,Oost-Vlaanderen,Belgium
De Pinte,Oost-Vlaanderen,Belgium
Deinze,Oost-Vlaanderen,Belgium
Denderleeuw,Oost-Vlaanderen,Belgium
Dendermonde,Oost-Vlaanderen,Belgium
Destelbergen,Oost-Vlaanderen,Belgium
Drongen,Oost-Vlaanderen,Belgium
Eeklo,Oost-Vlaanderen,Belgium
Erembodegem,Oost-Vlaanderen,Belgium
Erpe-Mere,Oost-Vlaanderen,Belgium
Evergem,Oost-Vlaanderen,Belgium
Gavere,Oost-Vlaanderen,Belgium
Gent,Oost-Vlaanderen,Belgium
Geraardsbergen,Oost-Vlaanderen,Belgium
Ghent,Oost-Vlaanderen,Belgium
Haaltert,Oost-Vlaanderen,Belgium
Hamme,Oost-Vlaanderen,Belgium
Herzele,Oost-Vlaanderen,Belgium
Horebeke,Oost-Vlaanderen,Belgium
Kaprijke,Oost-Vlaanderen,Belgium
Kerksken,Oost-Vlaanderen,Belgium
Kluisbergen,Oost-Vlaanderen,Belgium
Knesselare,Oost-Vlaanderen,Belgium
Kruibeke,Oost-Vlaanderen,Belgium
Kruishoutem,Oost-Vlaanderen,Belgium
Laarne,Oost-Vlaanderen,Belgium
Lebbeke,Oost-Vlaanderen,Belgium
Lede,Oost-Vlaanderen,Belgium
Lierde,Oost-Vlaanderen,Belgium
Lochristi,Oost-Vlaanderen,Belgium
Lokeren,Oost-Vlaanderen,Belgium
Lovendegem,Oost-Vlaanderen,Belgium
Maarkedal,Oost-Vlaanderen,Belgium
Maldegem,Oost-Vlaanderen,Belgium
Melle,Oost-Vlaanderen,Belgium
Merelbeke,Oost-Vlaanderen,Belgium
Moerbeke,Oost-Vlaanderen,Belgium
Nazareth,Oost-Vlaanderen,Belgium
Nevele,Oost-Vlaanderen,Belgium
Ninove,Oost-Vlaanderen,Belgium
Oosterzele,Oost-Vlaanderen,Belgium
Oudenaarde,Oost-Vlaanderen,Belgium
Ronse,Oost-Vlaanderen,Belgium
Semmerzake,Oost-Vlaanderen,Belgium
Sint-Gillis-Waas,Oost-Vlaanderen,Belgium
Sint-Laureins,Oost-Vlaanderen,Belgium
Sint-Lievens-Houtem,Oost-Vlaanderen,Belgium
Sint-Martens-Latem,Oost-Vlaanderen,Belgium
Sint-Niklaas,Oost-Vlaanderen,Belgium
Stekene,Oost-Vlaanderen,Belgium
Temse,Oost-Vlaanderen,Belgium
Waarschoot,Oost-Vlaanderen,Belgium
Waasmunster,Oost-Vlaanderen,Belgium
Wachtebeke,Oost-Vlaanderen,Belgium
Wetteren,Oost-Vlaanderen,Belgium
Wichelen,Oost-Vlaanderen,Belgium
Wortegem-Petegem,Oost-Vlaanderen,Belgium
Zele,Oost-Vlaanderen,Belgium
Zelzate,Oost-Vlaanderen,Belgium
Zingem,Oost-Vlaanderen,Belgium
Zomergem,Oost-Vlaanderen,Belgium
Zottegem,Oost-Vlaanderen,Belgium
Zulte,Oost-Vlaanderen,Belgium
Zwalm,Oost-Vlaanderen,Belgium
Zwijnaarde,Oost-Vlaanderen,Belgium
Aarschot,Vlaams-Brabant,Belgium
Affligem,Vlaams-Brabant,Belgium
Asse,Vlaams-Brabant,Belgium
Beersel,Vlaams-Brabant,Belgium
Begijnendijk,Vlaams-Brabant,Belgium
Bekkevoort,Vlaams-Brabant,Belgium
Bertem,Vlaams-Brabant,Belgium
Bever,Vlaams-Brabant,Belgium
Bierbeek,Vlaams-Brabant,Belgium
Boortmeerbeek,Vlaams-Brabant,Belgium
Boutersem,Vlaams-Brabant,Belgium
Diest,Vlaams-Brabant,Belgium
Dilbeek,Vlaams-Brabant,Belgium
Drogenbos,Vlaams-Brabant,Belgium
Galmaarden,Vlaams-Brabant,Belgium
Geetbets,Vlaams-Brabant,Belgium
Glabbeek,Vlaams-Brabant,Belgium
Gooik,Vlaams-Brabant,Belgium
Grimbergen,Vlaams-Brabant,Belgium
Haacht,Vlaams-Brabant,Belgium
Halle,Vlaams-Brabant,Belgium
Herent,Vlaams-Brabant,Belgium
Herne,Vlaams-Brabant,Belgium
Hoegaarden,Vlaams-Brabant,Belgium
Hoeilaart,Vlaams-Brabant,Belgium
Holsbeek,Vlaams-Brabant,Belgium
Huldenberg,Vlaams-Brabant,Belgium
Kampenhout,Vlaams-Brabant,Belgium
Kapelle-op-den-Bos,Vlaams-Brabant,Belgium
Keerbergen,Vlaams-Brabant,Belgium
Kortenaken,Vlaams-Brabant,Belgium
Kortenberg,Vlaams-Brabant,Belgium
Kraainem,Vlaams-Brabant,Belgium
Landen,Vlaams-Brabant,Belgium
Lennik,Vlaams-Brabant,Belgium
Leuven,Vlaams-Brabant,Belgium
Liedekerke,Vlaams-Brabant,Belgium
Linkebeek,Vlaams-Brabant,Belgium
Linter,Vlaams-Brabant,Belgium
Londerzeel,Vlaams-Brabant,Belgium
Lubbeek,Vlaams-Brabant,Belgium
Machelen,Vlaams-Brabant,Belgium
Meise,Vlaams-Brabant,Belgium
Merchtem,Vlaams-Brabant,Belgium
Opwijk,Vlaams-Brabant,Belgium
Oud-Heverlee,Vlaams-Brabant,Belgium
Overijse,Vlaams-Brabant,Belgium
Pepingen,Vlaams-Brabant,Belgium
Roosdaal,Vlaams-Brabant,Belgium
Rotselaar,Vlaams-Brabant,Belgium
Scherpenheuvel-Zichem,Vlaams-Brabant,Belgium
Sint-Genesius-Rode,Vlaams-Brabant,Belgium
Sint-Pieters-Leeuw,Vlaams-Brabant,Belgium
Steenokkerzeel,Vlaams-Brabant,Belgium
Ternat,Vlaams-Brabant,Belgium
Tervuren,Vlaams-Brabant,Belgium
Tielt-Winge,Vlaams-Brabant,Belgium
Tienen,Vlaams-Brabant,Belgium
Tremelo,Vlaams-Brabant,Belgium
Vilvoorde,Vlaams-Brabant,Belgium
Wemmel,Vlaams-Brabant,Belgium
Wezembeek-Oppem,Vlaams-Brabant,Belgium
Zaventem,Vlaams-Brabant,Belgium
Zemst,Vlaams-Brabant,Belgium
Zoutleeuw,Vlaams-Brabant,Belgium
Callenelle,Wallonne,Belgium
Marcinelle,Wallonne,Belgium
Strepy-Bracquegnies,Wallonne,Belgium
Alveringem,West-Vlaanderen,Belgium
Anzegem,West-Vlaanderen,Belgium
Ardooie,West-Vlaanderen,Belgium
Avelgem,West-Vlaanderen,Belgium
Beernem,West-Vlaanderen,Belgium
Blankenberge,West-Vlaanderen,Belgium
Bredene,West-Vlaanderen,Belgium
Brugge,West-Vlaanderen,Belgium
Damme,West-Vlaanderen,Belgium
De Haan,West-Vlaanderen,Belgium
De Panne,West-Vlaanderen,Belgium
Deerlijk,West-Vlaanderen,Belgium
Dentergem,West-Vlaanderen,Belgium
Diksmuide,West-Vlaanderen,Belgium
Geluveld,West-Vlaanderen,Belgium
Gistel,West-Vlaanderen,Belgium
Harelbeke,West-Vlaanderen,Belgium
Heuvelland,West-Vlaanderen,Belgium
Hooglede,West-Vlaanderen,Belgium
Houthulst,West-Vlaanderen,Belgium
Ichtegem,West-Vlaanderen,Belgium
Ieper,West-Vlaanderen,Belgium
Ingelmunster,West-Vlaanderen,Belgium
Ingooigem,West-Vlaanderen,Belgium
Izegem,West-Vlaanderen,Belgium
Jabbeke,West-Vlaanderen,Belgium
Knokke-Heist,West-Vlaanderen,Belgium
Koekelare,West-Vlaanderen,Belgium
Koksijde,West-Vlaanderen,Belgium
Kortemark,West-Vlaanderen,Belgium
Kortrijk,West-Vlaanderen,Belgium
Kuurne,West-Vlaanderen,Belgium
Langemark-Poelkapelle,West-Vlaanderen,Belgium
Ledegem,West-Vlaanderen,Belgium
Lendelede,West-Vlaanderen,Belgium
Lichtervelde,West-Vlaanderen,Belgium
Lo-Reninge,West-Vlaanderen,Belgium
Menen,West-Vlaanderen,Belgium
Mesen,West-Vlaanderen,Belgium
Meulebeke,West-Vlaanderen,Belgium
Middelkerke,West-Vlaanderen,Belgium
Moorslede,West-Vlaanderen,Belgium
Nieuwpoort,West-Vlaanderen,Belgium
Oostende,West-Vlaanderen,Belgium
Oostkamp,West-Vlaanderen,Belgium
Oostrozebeke,West-Vlaanderen,Belgium
Oudenburg,West-Vlaanderen,Belgium
Pittem,West-Vlaanderen,Belgium
Poperinge,West-Vlaanderen,Belgium
Roeselare,West-Vlaanderen,Belgium
Ruiselede,West-Vlaanderen,Belgium
Spiere-Helkijn,West-Vlaanderen,Belgium
Staden,West-Vlaanderen,Belgium
Tielt,West-Vlaanderen,Belgium
Torhout,West-Vlaanderen,Belgium
Veurne,West-Vlaanderen,Belgium
Vleteren,West-Vlaanderen,Belgium
Waregem,West-Vlaanderen,Belgium
Wervik,West-Vlaanderen,Belgium
Wevelgem,West-Vlaanderen,Belgium
Wielsbeke,West-Vlaanderen,Belgium
Wingene,West-Vlaanderen,Belgium
Zedelgem,West-Vlaanderen,Belgium
Zeebrugge,West-Vlaanderen,Belgium
Zonnebeke,West-Vlaanderen,Belgium
Zuienkerke,West-Vlaanderen,Belgium
Zwevegem,West-Vlaanderen,Belgium
Bansko,Blagoevgrad,Bulgaria
Belica,Blagoevgrad,Bulgaria
Blagoevgrad,Blagoevgrad,Bulgaria
Goce Delchev,Blagoevgrad,Bulgaria
Hadzhidimovo,Blagoevgrad,Bulgaria
Jakoruda,Blagoevgrad,Bulgaria
Kresna,Blagoevgrad,Bulgaria
Melnik,Blagoevgrad,Bulgaria
Petrich,Blagoevgrad,Bulgaria
Razlog,Blagoevgrad,Bulgaria
Sandanski,Blagoevgrad,Bulgaria
Simitli,Blagoevgrad,Bulgaria
Ahtopol,Burgas,Bulgaria
Ajtos,Burgas,Bulgaria
Balgarovo,Burgas,Bulgaria
Bourgas,Burgas,Bulgaria
Burgas,Burgas,Bulgaria
Carevo,Burgas,Bulgaria
Kableshkovo,Burgas,Bulgaria
Kameno,Burgas,Bulgaria
Karnobat,Burgas,Bulgaria
Malko Tarnovo,Burgas,Bulgaria
Nesebar,Burgas,Bulgaria
Obzor,Burgas,Bulgaria
Pomorie,Burgas,Bulgaria
Primorsko,Burgas,Bulgaria
Sozopol,Burgas,Bulgaria
Sredec,Burgas,Bulgaria
Sungurlare,Burgas,Bulgaria
Tvardica,Burgas,Bulgaria
Balchik,Dobrich,Bulgaria
Dobrich,Dobrich,Bulgaria
General-Toshevo,Dobrich,Bulgaria
Kavarna,Dobrich,Bulgaria
Loznica,Dobrich,Bulgaria
Shabla,Dobrich,Bulgaria
Tervel,Dobrich,Bulgaria
Drjanovo,Gabrovo,Bulgaria
Gabrovo,Gabrovo,Bulgaria
Plachkovci,Gabrovo,Bulgaria
Sevlievo,Gabrovo,Bulgaria
Trjavna,Gabrovo,Bulgaria
Dimitrovgrad,Haskovo,Bulgaria
Harmanli,Haskovo,Bulgaria
Haskovo,Haskovo,Bulgaria
Ivajlovgrad,Haskovo,Bulgaria
Ljubimec,Haskovo,Bulgaria
Madzharovo,Haskovo,Bulgaria
Merichleri,Haskovo,Bulgaria
Simeonovgrad,Haskovo,Bulgaria
Svilengrad,Haskovo,Bulgaria
Boljarovo,Jambol,Bulgaria
Elhovo,Jambol,Bulgaria
Jambol,Jambol,Bulgaria
Straldzha,Jambol,Bulgaria
Topolovgrad,Jambol,Bulgaria
Ardino,Kardzhali,Bulgaria
Dzhebel,Kardzhali,Bulgaria
Kardzhali,Kardzhali,Bulgaria
Krumovgrad,Kardzhali,Bulgaria
Momchilgrad,Kardzhali,Bulgaria
Boboshevo,Kjustendil,Bulgaria
Bobovdol,Kjustendil,Bulgaria
Dupnica,Kjustendil,Bulgaria
Kjustendil,Kjustendil,Bulgaria
Kocherinovo,Kjustendil,Bulgaria
Rila,Kjustendil,Bulgaria
Sapareva Banja,Kjustendil,Bulgaria
Zemen,Kjustendil,Bulgaria
Aprilci,Lovech,Bulgaria
Jablanica,Lovech,Bulgaria
Letnica,Lovech,Bulgaria
Lovech,Lovech,Bulgaria
Lukovit,Lovech,Bulgaria
Sopot,Lovech,Bulgaria
Teteven,Lovech,Bulgaria
Trojan,Lovech,Bulgaria
Ugarchin,Lovech,Bulgaria
Berkovica,Montana,Bulgaria
Bojchinovci,Montana,Bulgaria
Brusarci,Montana,Bulgaria
Chiprovci,Montana,Bulgaria
Lom,Montana,Bulgaria
Montana,Montana,Bulgaria
Valchedram,Montana,Bulgaria
Varshec,Montana,Bulgaria
Batak,Pazardzhik,Bulgaria
Belovo,Pazardzhik,Bulgaria
Bracigovo,Pazardzhik,Bulgaria
Koprivshtica,Pazardzhik,Bulgaria
Panagjurishte,Pazardzhik,Bulgaria
Pazardzhik,Pazardzhik,Bulgaria
Peshtera,Pazardzhik,Bulgaria
Rakitovo,Pazardzhik,Bulgaria
Septemvri,Pazardzhik,Bulgaria
Strelcha,Pazardzhik,Bulgaria
Velingrad,Pazardzhik,Bulgaria
Bankja,Pernik,Bulgaria
Batanovci,Pernik,Bulgaria
Breznik,Pernik,Bulgaria
Pernik,Pernik,Bulgaria
Radomir,Pernik,Bulgaria
Tran,Pernik,Bulgaria
Belene,Pleven,Bulgaria
Cherven Brjag,Pleven,Bulgaria
Dolna Mitropolija,Pleven,Bulgaria
Dolni Dabnik,Pleven,Bulgaria
Guljanci,Pleven,Bulgaria
Levski,Pleven,Bulgaria
Nikopol,Pleven,Bulgaria
Pleven,Pleven,Bulgaria
Pordim,Pleven,Bulgaria
Slavjanovo,Pleven,Bulgaria
Trashtenik,Pleven,Bulgaria
Varbica,Pleven,Bulgaria
Asenovgrad,Plovdiv,Bulgaria
Brezovo,Plovdiv,Bulgaria
Car Kalojan,Plovdiv,Bulgaria
Hisarja,Plovdiv,Bulgaria
Kalofer,Plovdiv,Bulgaria
Karlovo,Plovdiv,Bulgaria
Klisura,Plovdiv,Bulgaria
Krichim,Plovdiv,Bulgaria
Parvomaj,Plovdiv,Bulgaria
Perushtica,Plovdiv,Bulgaria
Plovdiv,Plovdiv,Bulgaria
Rakovski,Plovdiv,Bulgaria
Sadovo,Plovdiv,Bulgaria
Saedinenie,Plovdiv,Bulgaria
Stambolijski,Plovdiv,Bulgaria
Isperih,Razgrad,Bulgaria
Kubrat,Razgrad,Bulgaria
Razgrad,Razgrad,Bulgaria
Senovo,Razgrad,Bulgaria
Zavet,Razgrad,Bulgaria
Bjala,Ruse,Bulgaria
Borovo,Ruse,Bulgaria
Dve Mogili,Ruse,Bulgaria
Ruse,Ruse,Bulgaria
Russe,Ruse,Bulgaria
Vetovo,Ruse,Bulgaria
Kaolinovo,Shumen,Bulgaria
Kaspichan,Shumen,Bulgaria
Novi Pazar,Shumen,Bulgaria
Pliska,Shumen,Bulgaria
Shumen,Shumen,Bulgaria
Smjadovo,Shumen,Bulgaria
Veliki Preslav,Shumen,Bulgaria
Alfatar,Silistra,Bulgaria
Dulovo,Silistra,Bulgaria
Glavinica,Silistra,Bulgaria
Silistra,Silistra,Bulgaria
Tutrakan,Silistra,Bulgaria
Kermen,Sliven,Bulgaria
Kotel,Sliven,Bulgaria
Nova Zagora,Sliven,Bulgaria
Shivachevo,Sliven,Bulgaria
Sliven,Sliven,Bulgaria
Chepelare,Smoljan,Bulgaria
Devin,Smoljan,Bulgaria
Dospat,Smoljan,Bulgaria
Laki,Smoljan,Bulgaria
Madan,Smoljan,Bulgaria
Nedelino,Smoljan,Bulgaria
Rudozem,Smoljan,Bulgaria
Smoljan,Smoljan,Bulgaria
Zlatograd,Smoljan,Bulgaria
Antonovo,Targovishte,Bulgaria
Omurtag,Targovishte,Bulgaria
Opaka,Targovishte,Bulgaria
Popovo,Targovishte,Bulgaria
Targovishte,Targovishte,Bulgaria
Beloslav,Varna,Bulgaria
Bjala,Varna,Bulgaria
Dalgopol,Varna,Bulgaria
Devnja,Varna,Bulgaria
Iskar,Varna,Bulgaria
Provadija,Varna,Bulgaria
Suvorovo,Varna,Bulgaria
Valchi Dol,Varna,Bulgaria
Varna,Varna,Bulgaria
Belogradchik,Vidin,Bulgaria
Bregovo,Vidin,Bulgaria
Dimovo,Vidin,Bulgaria
Dolni Chiflik,Vidin,Bulgaria
Dunavci,Vidin,Bulgaria
Gramada,Vidin,Bulgaria
Kula,Vidin,Bulgaria
Vidin,Vidin,Bulgaria
Bjala Slatina,Vraca,Bulgaria
Knezha,Vraca,Bulgaria
Kojnare,Vraca,Bulgaria
Kozloduj,Vraca,Bulgaria
Krivodol,Vraca,Bulgaria
Mezdra,Vraca,Bulgaria
Mizija,Vraca,Bulgaria
Orjahovo,Vraca,Bulgaria
Roman,Vraca,Bulgaria
Vraca,Vraca,Bulgaria
Yablaniza,Yablaniza,Bulgaria
Bjelovar,Bjelovar-Bilogora,Croatia Hrvatska)
Brezovac,Bjelovar-Bilogora,Croatia Hrvatska)
Chazma,Bjelovar-Bilogora,Croatia Hrvatska)
Daruvar,Bjelovar-Bilogora,Croatia Hrvatska)
Daruvarski Brestovac,Bjelovar-Bilogora,Croatia Hrvatska)
Dezhanovac,Bjelovar-Bilogora,Croatia Hrvatska)
Dhulovac,Bjelovar-Bilogora,Croatia Hrvatska)
Gareshnica,Bjelovar-Bilogora,Croatia Hrvatska)
Gareshnichki Brestovac,Bjelovar-Bilogora,Croatia Hrvatska)
Grubishno Polje,Bjelovar-Bilogora,Croatia Hrvatska)
Gudovac,Bjelovar-Bilogora,Croatia Hrvatska)
Hercegovac,Bjelovar-Bilogora,Croatia Hrvatska)
Ivanska,Bjelovar-Bilogora,Croatia Hrvatska)
Klokochevac,Bjelovar-Bilogora,Croatia Hrvatska)
Konchanica,Bjelovar-Bilogora,Croatia Hrvatska)
Predavac,Bjelovar-Bilogora,Croatia Hrvatska)
Rovishce,Bjelovar-Bilogora,Croatia Hrvatska)
Shandrovac,Bjelovar-Bilogora,Croatia Hrvatska)
Sirach,Bjelovar-Bilogora,Croatia Hrvatska)
Trojstveni Markovac,Bjelovar-Bilogora,Croatia Hrvatska)
Velika Pisanica,Bjelovar-Bilogora,Croatia Hrvatska)
Veliki Grdhevac,Bjelovar-Bilogora,Croatia Hrvatska)
Veliki Zdenci,Bjelovar-Bilogora,Croatia Hrvatska)
Veliko Trojstvo,Bjelovar-Bilogora,Croatia Hrvatska)
Zhdralovi,Bjelovar-Bilogora,Croatia Hrvatska)
Blato,Dubrovnik-Neretva,Croatia Hrvatska)
Cavtat,Dubrovnik-Neretva,Croatia Hrvatska)
Chibacha,Dubrovnik-Neretva,Croatia Hrvatska)
Chilipi,Dubrovnik-Neretva,Croatia Hrvatska)
Dubrovnik,Dubrovnik-Neretva,Croatia Hrvatska)
Komin,Dubrovnik-Neretva,Croatia Hrvatska)
Korchula,Dubrovnik-Neretva,Croatia Hrvatska)
Lumbarda,Dubrovnik-Neretva,Croatia Hrvatska)
Metkovic,Dubrovnik-Neretva,Croatia Hrvatska)
Mlini,Dubrovnik-Neretva,Croatia Hrvatska)
Mokoshica,Dubrovnik-Neretva,Croatia Hrvatska)
Nova Mokoshica,Dubrovnik-Neretva,Croatia Hrvatska)
Opuzen,Dubrovnik-Neretva,Croatia Hrvatska)
Orebic,Dubrovnik-Neretva,Croatia Hrvatska)
Otrich-Seoci,Dubrovnik-Neretva,Croatia Hrvatska)
Ploche,Dubrovnik-Neretva,Croatia Hrvatska)
Smokvica,Dubrovnik-Neretva,Croatia Hrvatska)
Stashevica,Dubrovnik-Neretva,Croatia Hrvatska)
Vela Luka,Dubrovnik-Neretva,Croatia Hrvatska)
Zaton,Dubrovnik-Neretva,Croatia Hrvatska)
Zhrnovo,Dubrovnik-Neretva,Croatia Hrvatska)
Bale,Istra,Croatia Hrvatska)
Banjole,Istra,Croatia Hrvatska)
Brtonigla,Istra,Croatia Hrvatska)
Buje,Istra,Croatia Hrvatska)
Buzet,Istra,Croatia Hrvatska)
Fazhana,Istra,Croatia Hrvatska)
Funtana,Istra,Croatia Hrvatska)
Galizhana,Istra,Croatia Hrvatska)
Labin,Istra,Croatia Hrvatska)
Lizhnjan,Istra,Croatia Hrvatska)
Marchana,Istra,Croatia Hrvatska)
Medulin,Istra,Croatia Hrvatska)
Novigrad,Istra,Croatia Hrvatska)
Pazin,Istra,Croatia Hrvatska)
Porech,Istra,Croatia Hrvatska)
Premantura,Istra,Croatia Hrvatska)
Pula,Istra,Croatia Hrvatska)
Rabac,Istra,Croatia Hrvatska)
Rasha,Istra,Croatia Hrvatska)
Rovinj,Istra,Croatia Hrvatska)
Sveti Petar u Shumi,Istra,Croatia Hrvatska)
Tar,Istra,Croatia Hrvatska)
Umag,Istra,Croatia Hrvatska)
Vinezh,Istra,Croatia Hrvatska)
Vodnjan,Istra,Croatia Hrvatska)
Vrsar,Istra,Croatia Hrvatska)
Cerovac Vukmansichki,Karlovac,Croatia Hrvatska)
Draganic,Karlovac,Croatia Hrvatska)
Duga Resa,Karlovac,Croatia Hrvatska)
Josipdol,Karlovac,Croatia Hrvatska)
Karlovac,Karlovac,Croatia Hrvatska)
Mrezhnichki Varosh,Karlovac,Croatia Hrvatska)
Ogulin,Karlovac,Croatia Hrvatska)
Oshtarije,Karlovac,Croatia Hrvatska)
Ozalj,Karlovac,Croatia Hrvatska)
Plashki,Karlovac,Croatia Hrvatska)
Slunj,Karlovac,Croatia Hrvatska)
Vojnic,Karlovac,Croatia Hrvatska)
Dhelekovec,Koprivnica-Krizhevci,Croatia Hrvatska)
Dhurdhevac,Koprivnica-Krizhevci,Croatia Hrvatska)
Drnje,Koprivnica-Krizhevci,Croatia Hrvatska)
Ferdinandovac,Koprivnica-Krizhevci,Croatia Hrvatska)
Glogovac,Koprivnica-Krizhevci,Croatia Hrvatska)
Gola,Koprivnica-Krizhevci,Croatia Hrvatska)
Hlebine,Koprivnica-Krizhevci,Croatia Hrvatska)
Kalinovac,Koprivnica-Krizhevci,Croatia Hrvatska)
Kloshtar Podravski,Koprivnica-Krizhevci,Croatia Hrvatska)
Koprivnica,Koprivnica-Krizhevci,Croatia Hrvatska)
Koprivnichki Bregi,Koprivnica-Krizhevci,Croatia Hrvatska)
Koprivnichki Ivanec,Koprivnica-Krizhevci,Croatia Hrvatska)
Krizhevci,Koprivnica-Krizhevci,Croatia Hrvatska)
Legrad,Koprivnica-Krizhevci,Croatia Hrvatska)
Molve,Koprivnica-Krizhevci,Croatia Hrvatska)
Novigrad Podravski,Koprivnica-Krizhevci,Croatia Hrvatska)
Novo Virje,Koprivnica-Krizhevci,Croatia Hrvatska)
Peteranec,Koprivnica-Krizhevci,Croatia Hrvatska)
Podravske Sesvete,Koprivnica-Krizhevci,Croatia Hrvatska)
Rasinja,Koprivnica-Krizhevci,Croatia Hrvatska)
Reka,Koprivnica-Krizhevci,Croatia Hrvatska)
Sigetec,Koprivnica-Krizhevci,Croatia Hrvatska)
Starigrad,Koprivnica-Krizhevci,Croatia Hrvatska)
Sveti Ivan Zhabno,Koprivnica-Krizhevci,Croatia Hrvatska)
Trema,Koprivnica-Krizhevci,Croatia Hrvatska)
Virje,Koprivnica-Krizhevci,Croatia Hrvatska)
Andrashevec,Krapina-Zagorje,Croatia Hrvatska)
Bedekovchina,Krapina-Zagorje,Croatia Hrvatska)
Dhurmanec,Krapina-Zagorje,Croatia Hrvatska)
Donja Pachetina,Krapina-Zagorje,Croatia Hrvatska)
Donja Shemnica,Krapina-Zagorje,Croatia Hrvatska)
Donja Stubica,Krapina-Zagorje,Croatia Hrvatska)
Dubrovchan,Krapina-Zagorje,Croatia Hrvatska)
Gornja Stubica,Krapina-Zagorje,Croatia Hrvatska)
Hum na Sutli,Krapina-Zagorje,Croatia Hrvatska)
Klanjec,Krapina-Zagorje,Croatia Hrvatska)
Konjishchina,Krapina-Zagorje,Croatia Hrvatska)
Krapina,Krapina-Zagorje,Croatia Hrvatska)
Krapinske Toplice,Krapina-Zagorje,Croatia Hrvatska)
Laz Bistrichki,Krapina-Zagorje,Croatia Hrvatska)
Marija Bistrica,Krapina-Zagorje,Croatia Hrvatska)
Mihovljan,Krapina-Zagorje,Croatia Hrvatska)
Oroslavje,Krapina-Zagorje,Croatia Hrvatska)
Podgorje Bistrichko,Krapina-Zagorje,Croatia Hrvatska)
Poznanovec,Krapina-Zagorje,Croatia Hrvatska)
Pregrada,Krapina-Zagorje,Croatia Hrvatska)
Radoboj,Krapina-Zagorje,Croatia Hrvatska)
Shkaricevo,Krapina-Zagorje,Croatia Hrvatska)
Shpichkovina,Krapina-Zagorje,Croatia Hrvatska)
Stubichke Toplice,Krapina-Zagorje,Croatia Hrvatska)
Sveti Krizh Zachretje,Krapina-Zagorje,Croatia Hrvatska)
Veliko Trgovishce,Krapina-Zagorje,Croatia Hrvatska)
Zabok,Krapina-Zagorje,Croatia Hrvatska)
Zlatar,Krapina-Zagorje,Croatia Hrvatska)
Zlatar-Bistrica,Krapina-Zagorje,Croatia Hrvatska)
Brinje,Lika-Senj,Croatia Hrvatska)
Donji Lapac,Lika-Senj,Croatia Hrvatska)
Gospic,Lika-Senj,Croatia Hrvatska)
Korenica,Lika-Senj,Croatia Hrvatska)
Lichki Osik,Lika-Senj,Croatia Hrvatska)
Lichko Leshce,Lika-Senj,Croatia Hrvatska)
Novalja,Lika-Senj,Croatia Hrvatska)
Otochac,Lika-Senj,Croatia Hrvatska)
Perushic,Lika-Senj,Croatia Hrvatska)
Prozor,Lika-Senj,Croatia Hrvatska)
Senj,Lika-Senj,Croatia Hrvatska)
Belica,Medhimurje,Croatia Hrvatska)
Chakovec,Medhimurje,Croatia Hrvatska)
Cirkovljan,Medhimurje,Croatia Hrvatska)
Dekanovec,Medhimurje,Croatia Hrvatska)
Domashinec,Medhimurje,Croatia Hrvatska)
Donja Dubrava,Medhimurje,Croatia Hrvatska)
Donji Kraljevec,Medhimurje,Croatia Hrvatska)
Donji Vidovec,Medhimurje,Croatia Hrvatska)
Drzhimurec,Medhimurje,Croatia Hrvatska)
Dunjkovec,Medhimurje,Croatia Hrvatska)
Gardinovec,Medhimurje,Croatia Hrvatska)
Gorichan,Medhimurje,Croatia Hrvatska)
Gornji Hrashcan,Medhimurje,Croatia Hrvatska)
Hodoshan,Medhimurje,Croatia Hrvatska)
Ivanovec,Medhimurje,Croatia Hrvatska)
Kotoriba,Medhimurje,Croatia Hrvatska)
Kurshanec,Medhimurje,Croatia Hrvatska)
Lopatinec,Medhimurje,Croatia Hrvatska)
Machkovec,Medhimurje,Croatia Hrvatska)
Mala Subotica,Medhimurje,Croatia Hrvatska)
Mihovljan,Medhimurje,Croatia Hrvatska)
Mursko Sredishce,Medhimurje,Croatia Hrvatska)
Nedelishce,Medhimurje,Croatia Hrvatska)
Novakovec,Medhimurje,Croatia Hrvatska)
Novo Selo Rok,Medhimurje,Croatia Hrvatska)
Orehovica,Medhimurje,Croatia Hrvatska)
Palovec,Medhimurje,Croatia Hrvatska)
Peklenica,Medhimurje,Croatia Hrvatska)
Podturen,Medhimurje,Croatia Hrvatska)
Prelog,Medhimurje,Croatia Hrvatska)
Pribislavec,Medhimurje,Croatia Hrvatska)
Pushcine,Medhimurje,Croatia Hrvatska)
Savska Ves,Medhimurje,Croatia Hrvatska)
Selnica,Medhimurje,Croatia Hrvatska)
Shenkovec,Medhimurje,Croatia Hrvatska)
Strahoninec,Medhimurje,Croatia Hrvatska)
Sveta Marija,Medhimurje,Croatia Hrvatska)
Trnovec,Medhimurje,Croatia Hrvatska)
Vratishinec,Medhimurje,Croatia Hrvatska)
Zasadbreg,Medhimurje,Croatia Hrvatska)
Antunovac,Osijek-Baranja,Croatia Hrvatska)
Batina,Osijek-Baranja,Croatia Hrvatska)
Beli Manastir,Osijek-Baranja,Croatia Hrvatska)
Belishce,Osijek-Baranja,Croatia Hrvatska)
Beljevina,Osijek-Baranja,Croatia Hrvatska)
Bijelo Brdo,Osijek-Baranja,Croatia Hrvatska)
Bilje,Osijek-Baranja,Croatia Hrvatska)
Bistrinci,Osijek-Baranja,Croatia Hrvatska)
Bizovac,Osijek-Baranja,Croatia Hrvatska)
Branjin Vrh,Osijek-Baranja,Croatia Hrvatska)
Brijeshce,Osijek-Baranja,Croatia Hrvatska)
Brijest,Osijek-Baranja,Croatia Hrvatska)
Ceminac,Osijek-Baranja,Croatia Hrvatska)
Chepin,Osijek-Baranja,Croatia Hrvatska)
Crnkovci,Osijek-Baranja,Croatia Hrvatska)
Dalj,Osijek-Baranja,Croatia Hrvatska)
Darda,Osijek-Baranja,Croatia Hrvatska)
Dhakovo,Osijek-Baranja,Croatia Hrvatska)
Dhurdhenovac,Osijek-Baranja,Croatia Hrvatska)
Donja Motichina,Osijek-Baranja,Croatia Hrvatska)
Donji Miholac,Osijek-Baranja,Croatia Hrvatska)
Erdut,Osijek-Baranja,Croatia Hrvatska)
Ernestinovo,Osijek-Baranja,Croatia Hrvatska)
Ferichanci,Osijek-Baranja,Croatia Hrvatska)
Gashinci,Osijek-Baranja,Croatia Hrvatska)
Gorjani,Osijek-Baranja,Croatia Hrvatska)
Grabovac,Osijek-Baranja,Croatia Hrvatska)
Ivanovac,Osijek-Baranja,Croatia Hrvatska)
Ivanovci Gorjanski,Osijek-Baranja,Croatia Hrvatska)
Jagodnjak,Osijek-Baranja,Croatia Hrvatska)
Jelisavac,Osijek-Baranja,Croatia Hrvatska)
Josipovac,Osijek-Baranja,Croatia Hrvatska)
Josipovac Punitovachki,Osijek-Baranja,Croatia Hrvatska)
Karanac,Osijek-Baranja,Croatia Hrvatska)
Keshinci,Osijek-Baranja,Croatia Hrvatska)
Knezhevi Vinogradi,Osijek-Baranja,Croatia Hrvatska)
Knezhevo,Osijek-Baranja,Croatia Hrvatska)
Koritna,Osijek-Baranja,Croatia Hrvatska)
Koshka,Osijek-Baranja,Croatia Hrvatska)
Kushevac,Osijek-Baranja,Croatia Hrvatska)
Ladimirevci,Osijek-Baranja,Croatia Hrvatska)
Laslovo,Osijek-Baranja,Croatia Hrvatska)
Lug,Osijek-Baranja,Croatia Hrvatska)
Marijanci,Osijek-Baranja,Croatia Hrvatska)
Markovac Nashichki,Osijek-Baranja,Croatia Hrvatska)
Martin,Osijek-Baranja,Croatia Hrvatska)
Mece,Osijek-Baranja,Croatia Hrvatska)
Moslavina Podravska,Osijek-Baranja,Croatia Hrvatska)
Nashice,Osijek-Baranja,Croatia Hrvatska)
Osijek,Osijek-Baranja,Croatia Hrvatska)
Ovchara,Osijek-Baranja,Croatia Hrvatska)
Petlovac,Osijek-Baranja,Croatia Hrvatska)
Petrijevci,Osijek-Baranja,Croatia Hrvatska)
Pishkorevci,Osijek-Baranja,Croatia Hrvatska)
Podgorach,Osijek-Baranja,Croatia Hrvatska)
Popvac,Osijek-Baranja,Croatia Hrvatska)
Rakitovica,Osijek-Baranja,Croatia Hrvatska)
Sarvash,Osijek-Baranja,Croatia Hrvatska)
Satnica Dhakovachka,Osijek-Baranja,Croatia Hrvatska)
Selci Dhakovacki,Osijek-Baranja,Croatia Hrvatska)
Semeljci,Osijek-Baranja,Croatia Hrvatska)
Shiroko Polje,Osijek-Baranja,Croatia Hrvatska)
Strizivojna,Osijek-Baranja,Croatia Hrvatska)
Sveti Dhuradh,Osijek-Baranja,Croatia Hrvatska)
Tenja,Osijek-Baranja,Croatia Hrvatska)
Valpovo,Osijek-Baranja,Croatia Hrvatska)
Velimirovac,Osijek-Baranja,Croatia Hrvatska)
Viljevo,Osijek-Baranja,Croatia Hrvatska)
Vishkovci,Osijek-Baranja,Croatia Hrvatska)
Vishnjevac,Osijek-Baranja,Croatia Hrvatska)
Vladislavci,Osijek-Baranja,Croatia Hrvatska)
Vuka,Osijek-Baranja,Croatia Hrvatska)
Vukojevci,Osijek-Baranja,Croatia Hrvatska)
Zmajevac,Osijek-Baranja,Croatia Hrvatska)
Zoljan,Osijek-Baranja,Croatia Hrvatska)
Badljevina,Pozhega-Slavonija,Croatia Hrvatska)
Brodski Drenovac,Pozhega-Slavonija,Croatia Hrvatska)
Dervishaga,Pozhega-Slavonija,Croatia Hrvatska)
Gradac,Pozhega-Slavonija,Croatia Hrvatska)
Jakshic,Pozhega-Slavonija,Croatia Hrvatska)
Kaptol,Pozhega-Slavonija,Croatia Hrvatska)
Kutjevo,Pozhega-Slavonija,Croatia Hrvatska)
Lipik,Pozhega-Slavonija,Croatia Hrvatska)
Pakrac,Pozhega-Slavonija,Croatia Hrvatska)
Pleternica,Pozhega-Slavonija,Croatia Hrvatska)
Pozhega,Pozhega-Slavonija,Croatia Hrvatska)
Prekopkra,Pozhega-Slavonija,Croatia Hrvatska)
Trenkovo,Pozhega-Slavonija,Croatia Hrvatska)
Velika,Pozhega-Slavonija,Croatia Hrvatska)
Vetovo,Pozhega-Slavonija,Croatia Hrvatska)
Vidovci,Pozhega-Slavonija,Croatia Hrvatska)
Bilice,Shibenik-Knin,Croatia Hrvatska)
Brodarica,Shibenik-Knin,Croatia Hrvatska)
Drnish,Shibenik-Knin,Croatia Hrvatska)
Dubrava kod Shibenika,Shibenik-Knin,Croatia Hrvatska)
Grebashtica,Shibenik-Knin,Croatia Hrvatska)
Jezera,Shibenik-Knin,Croatia Hrvatska)
Kistanje,Shibenik-Knin,Croatia Hrvatska)
Knin,Shibenik-Knin,Croatia Hrvatska)
Kovachic,Shibenik-Knin,Croatia Hrvatska)
Murter,Shibenik-Knin,Croatia Hrvatska)
Pirovac,Shibenik-Knin,Croatia Hrvatska)
Primoshten,Shibenik-Knin,Croatia Hrvatska)
Rogoznica,Shibenik-Knin,Croatia Hrvatska)
Shibenik,Shibenik-Knin,Croatia Hrvatska)
Skradin,Shibenik-Knin,Croatia Hrvatska)
Tisno,Shibenik-Knin,Croatia Hrvatska)
Tribunj,Shibenik-Knin,Croatia Hrvatska)
Vodice,Shibenik-Knin,Croatia Hrvatska)
Vrpolje,Shibenik-Knin,Croatia Hrvatska)
Zaton,Shibenik-Knin,Croatia Hrvatska)
Brestacha,Sisak-Moslavina,Croatia Hrvatska)
Brochice,Sisak-Moslavina,Croatia Hrvatska)
Budashevo,Sisak-Moslavina,Croatia Hrvatska)
Donja Grachenica,Sisak-Moslavina,Croatia Hrvatska)
Dvor,Sisak-Moslavina,Croatia Hrvatska)
Glina,Sisak-Moslavina,Croatia Hrvatska)
Gornja Grachenica,Sisak-Moslavina,Croatia Hrvatska)
Gornja Jelenska,Sisak-Moslavina,Croatia Hrvatska)
Greda,Sisak-Moslavina,Croatia Hrvatska)
Gvozd,Sisak-Moslavina,Croatia Hrvatska)
Hrastelnica,Sisak-Moslavina,Croatia Hrvatska)
Hrvatska Dubica,Sisak-Moslavina,Croatia Hrvatska)
Hrvatska Kostajnica,Sisak-Moslavina,Croatia Hrvatska)
Husain,Sisak-Moslavina,Croatia Hrvatska)
Ilova,Sisak-Moslavina,Croatia Hrvatska)
Kutina,Sisak-Moslavina,Croatia Hrvatska)
Lekenik,Sisak-Moslavina,Croatia Hrvatska)
Lipovljani,Sisak-Moslavina,Croatia Hrvatska)
Moshchenica,Sisak-Moslavina,Croatia Hrvatska)
Novska,Sisak-Moslavina,Croatia Hrvatska)
Odra Sisachka,Sisak-Moslavina,Croatia Hrvatska)
Osekovo,Sisak-Moslavina,Croatia Hrvatska)
Peshcenica,Sisak-Moslavina,Croatia Hrvatska)
Petrinja,Sisak-Moslavina,Croatia Hrvatska)
Popovacha,Sisak-Moslavina,Croatia Hrvatska)
Potok,Sisak-Moslavina,Croatia Hrvatska)
Rajic,Sisak-Moslavina,Croatia Hrvatska)
Repushnica,Sisak-Moslavina,Croatia Hrvatska)
Sisak,Sisak-Moslavina,Croatia Hrvatska)
Staro Prachno,Sisak-Moslavina,Croatia Hrvatska)
Sunja,Sisak-Moslavina,Croatia Hrvatska)
Topolovac,Sisak-Moslavina,Croatia Hrvatska)
Voloder,Sisak-Moslavina,Croatia Hrvatska)
Bashka Voda,Split-Dalmacija,Croatia Hrvatska)
Bol,Split-Dalmacija,Croatia Hrvatska)
Brela,Split-Dalmacija,Croatia Hrvatska)
Brnaze,Split-Dalmacija,Croatia Hrvatska)
Cista Velika,Split-Dalmacija,Croatia Hrvatska)
Donji Prolozhac,Split-Dalmacija,Croatia Hrvatska)
Donji Vinjani,Split-Dalmacija,Croatia Hrvatska)
Duce,Split-Dalmacija,Croatia Hrvatska)
Dugi Rat,Split-Dalmacija,Croatia Hrvatska)
Dugopolje,Split-Dalmacija,Croatia Hrvatska)
Gala,Split-Dalmacija,Croatia Hrvatska)
Glavice,Split-Dalmacija,Croatia Hrvatska)
Glavina Donja,Split-Dalmacija,Croatia Hrvatska)
Gornji Vincjani,Split-Dalmacija,Croatia Hrvatska)
Gradac,Split-Dalmacija,Croatia Hrvatska)
Grubine,Split-Dalmacija,Croatia Hrvatska)
Hrvace,Split-Dalmacija,Croatia Hrvatska)
Hvar,Split-Dalmacija,Croatia Hrvatska)
Imotski,Split-Dalmacija,Croatia Hrvatska)
Jelsa,Split-Dalmacija,Croatia Hrvatska)
Jesenice,Split-Dalmacija,Croatia Hrvatska)
Kamen,Split-Dalmacija,Croatia Hrvatska)
Kashtel Gambelovac,Split-Dalmacija,Croatia Hrvatska)
Kashtel Gomilica,Split-Dalmacija,Croatia Hrvatska)
Kashtel Lukshic,Split-Dalmacija,Croatia Hrvatska)
Kashtel Novi,Split-Dalmacija,Croatia Hrvatska)
Kashtel Shtafilic,Split-Dalmacija,Croatia Hrvatska)
Kashtel Stari,Split-Dalmacija,Croatia Hrvatska)
Kashtel Sucurac,Split-Dalmacija,Croatia Hrvatska)
Katuni,Split-Dalmacija,Croatia Hrvatska)
Klis,Split-Dalmacija,Croatia Hrvatska)
Komizha,Split-Dalmacija,Croatia Hrvatska)
Koshute,Split-Dalmacija,Croatia Hrvatska)
Lovrec,Split-Dalmacija,Croatia Hrvatska)
Makarska,Split-Dalmacija,Croatia Hrvatska)
Marina,Split-Dalmacija,Croatia Hrvatska)
Mastrinka,Split-Dalmacija,Croatia Hrvatska)
Milna,Split-Dalmacija,Croatia Hrvatska)
Mravince,Split-Dalmacija,Croatia Hrvatska)
Neoric,Split-Dalmacija,Croatia Hrvatska)
Obrovac Sinjski,Split-Dalmacija,Croatia Hrvatska)
Okrug Gornji,Split-Dalmacija,Croatia Hrvatska)
Omish,Split-Dalmacija,Croatia Hrvatska)
Otok,Split-Dalmacija,Croatia Hrvatska)
Podgora,Split-Dalmacija,Croatia Hrvatska)
Podstrana,Split-Dalmacija,Croatia Hrvatska)
Poljica,Split-Dalmacija,Croatia Hrvatska)
Postira,Split-Dalmacija,Croatia Hrvatska)
Postranje,Split-Dalmacija,Croatia Hrvatska)
Potravlje,Split-Dalmacija,Croatia Hrvatska)
Primorski Dolac,Split-Dalmacija,Croatia Hrvatska)
Puchishca,Split-Dalmacija,Croatia Hrvatska)
Ruda,Split-Dalmacija,Croatia Hrvatska)
Runovic,Split-Dalmacija,Croatia Hrvatska)
Seget Donji,Split-Dalmacija,Croatia Hrvatska)
Seget Vranjica,Split-Dalmacija,Croatia Hrvatska)
Selca,Split-Dalmacija,Croatia Hrvatska)
Sinj,Split-Dalmacija,Croatia Hrvatska)
Slatine,Split-Dalmacija,Croatia Hrvatska)
Solin,Split-Dalmacija,Croatia Hrvatska)
Split,Split-Dalmacija,Croatia Hrvatska)
Srinjine,Split-Dalmacija,Croatia Hrvatska)
Stari Grad,Split-Dalmacija,Croatia Hrvatska)
Stobrech,Split-Dalmacija,Croatia Hrvatska)
Supetar,Split-Dalmacija,Croatia Hrvatska)
Trilj,Split-Dalmacija,Croatia Hrvatska)
Trogir,Split-Dalmacija,Croatia Hrvatska)
Tuchepi,Split-Dalmacija,Croatia Hrvatska)
Turjaci,Split-Dalmacija,Croatia Hrvatska)
Vinishce,Split-Dalmacija,Croatia Hrvatska)
Vis,Split-Dalmacija,Croatia Hrvatska)
Vranjic,Split-Dalmacija,Croatia Hrvatska)
Vrgorac,Split-Dalmacija,Croatia Hrvatska)
Vrlika,Split-Dalmacija,Croatia Hrvatska)
Zagvozd,Split-Dalmacija,Croatia Hrvatska)
Zhrnovnica,Split-Dalmacija,Croatia Hrvatska)
Zmijavci,Split-Dalmacija,Croatia Hrvatska)
Bedenec,Varazhdin,Croatia Hrvatska)
Beletinec,Varazhdin,Croatia Hrvatska)
Beretinec,Varazhdin,Croatia Hrvatska)
Breznica,Varazhdin,Croatia Hrvatska)
Chreshnjevo,Varazhdin,Croatia Hrvatska)
Donja Voca,Varazhdin,Croatia Hrvatska)
Donje Ladanje,Varazhdin,Croatia Hrvatska)
Gornje Ladanje,Varazhdin,Croatia Hrvatska)
Gornje Vratno,Varazhdin,Croatia Hrvatska)
Gornji Kneginec,Varazhdin,Croatia Hrvatska)
Gornji Kucan,Varazhdin,Croatia Hrvatska)
Hrashcica,Varazhdin,Croatia Hrvatska)
Hrastovsko,Varazhdin,Croatia Hrvatska)
Hrzhenica,Varazhdin,Croatia Hrvatska)
Ivanec,Varazhdin,Croatia Hrvatska)
Jalkovec,Varazhdin,Croatia Hrvatska)
Jalzhabet,Varazhdin,Croatia Hrvatska)
Jerovec,Varazhdin,Croatia Hrvatska)
Klenovnik,Varazhdin,Croatia Hrvatska)
Kljuch,Varazhdin,Croatia Hrvatska)
Kucan Marof,Varazhdin,Croatia Hrvatska)
Lepoglava,Varazhdin,Croatia Hrvatska)
Ljubeshcica,Varazhdin,Croatia Hrvatska)
Ludbreg,Varazhdin,Croatia Hrvatska)
Madzharevo,Varazhdin,Croatia Hrvatska)
Mali Bukovec,Varazhdin,Croatia Hrvatska)
Nedeljanec,Varazhdin,Croatia Hrvatska)
Nova Ves Petrijanec,Varazhdin,Croatia Hrvatska)
Novi Marof,Varazhdin,Croatia Hrvatska)
Petrijanec,Varazhdin,Croatia Hrvatska)
Podevchevo,Varazhdin,Croatia Hrvatska)
Presechno,Varazhdin,Croatia Hrvatska)
Remetinec,Varazhdin,Croatia Hrvatska)
Selnik,Varazhdin,Croatia Hrvatska)
Shemovec,Varazhdin,Croatia Hrvatska)
Srachinec,Varazhdin,Croatia Hrvatska)
Sveti Petar,Varazhdin,Croatia Hrvatska)
Svibovec Podravski,Varazhdin,Croatia Hrvatska)
Trnovec,Varazhdin,Croatia Hrvatska)
Turchin,Varazhdin,Croatia Hrvatska)
Tuzhno,Varazhdin,Croatia Hrvatska)
Varazhdin,Varazhdin,Croatia Hrvatska)
Varazhdin Breg,Varazhdin,Croatia Hrvatska)
Varazhdinske Toplice,Varazhdin,Croatia Hrvatska)
Vidovec,Varazhdin,Croatia Hrvatska)
Vinica,Varazhdin,Croatia Hrvatska)
Zavrshje Podbelsko,Varazhdin,Croatia Hrvatska)
Zharovnica,Varazhdin,Croatia Hrvatska)
Borova,Virovitica-Podravina,Croatia Hrvatska)
Busetina,Virovitica-Podravina,Croatia Hrvatska)
Cabuna,Virovitica-Podravina,Croatia Hrvatska)
Chachinci,Virovitica-Podravina,Croatia Hrvatska)
Gradina,Virovitica-Podravina,Croatia Hrvatska)
Korija,Virovitica-Podravina,Croatia Hrvatska)
Mikleush,Virovitica-Podravina,Croatia Hrvatska)
Milanovac,Virovitica-Podravina,Croatia Hrvatska)
Nova Bukovica,Virovitica-Podravina,Croatia Hrvatska)
Orahovica,Virovitica-Podravina,Croatia Hrvatska)
Pitomacha,Virovitica-Podravina,Croatia Hrvatska)
Podgorje,Virovitica-Podravina,Croatia Hrvatska)
Rezovac,Virovitica-Podravina,Croatia Hrvatska)
Shpishic Bukovica,Virovitica-Podravina,Croatia Hrvatska)
Slatina,Virovitica-Podravina,Croatia Hrvatska)
Suhopolje,Virovitica-Podravina,Croatia Hrvatska)
Turanovac,Virovitica-Podravina,Croatia Hrvatska)
Virovitica,Virovitica-Podravina,Croatia Hrvatska)
Vocin,Virovitica-Podravina,Croatia Hrvatska)
Zdenci,Virovitica-Podravina,Croatia Hrvatska)
Andrijashevci,Vukovar-Srijem,Croatia Hrvatska)
Antin,Vukovar-Srijem,Croatia Hrvatska)
Babina Greda,Vukovar-Srijem,Croatia Hrvatska)
Bapska,Vukovar-Srijem,Croatia Hrvatska)
Bobota,Vukovar-Srijem,Croatia Hrvatska)
Bogdanovci,Vukovar-Srijem,Croatia Hrvatska)
Borovo,Vukovar-Srijem,Croatia Hrvatska)
Boshnjaci,Vukovar-Srijem,Croatia Hrvatska)
Brshadin,Vukovar-Srijem,Croatia Hrvatska)
Ceric,Vukovar-Srijem,Croatia Hrvatska)
Cerna,Vukovar-Srijem,Croatia Hrvatska)
Drenovci,Vukovar-Srijem,Croatia Hrvatska)
Gradishte,Vukovar-Srijem,Croatia Hrvatska)
Gunja,Vukovar-Srijem,Croatia Hrvatska)
Ilacha,Vukovar-Srijem,Croatia Hrvatska)
Ilok,Vukovar-Srijem,Croatia Hrvatska)
Ivankovo,Vukovar-Srijem,Croatia Hrvatska)
Jarmina,Vukovar-Srijem,Croatia Hrvatska)
Komletinci,Vukovar-Srijem,Croatia Hrvatska)
Lipovac,Vukovar-Srijem,Croatia Hrvatska)
Lovas,Vukovar-Srijem,Croatia Hrvatska)
Markushica,Vukovar-Srijem,Croatia Hrvatska)
Mirkovci,Vukovar-Srijem,Croatia Hrvatska)
Negoslavci,Vukovar-Srijem,Croatia Hrvatska)
Nijemci,Vukovar-Srijem,Croatia Hrvatska)
Novi Jankovci,Vukovar-Srijem,Croatia Hrvatska)
Nushtar,Vukovar-Srijem,Croatia Hrvatska)
Otok,Vukovar-Srijem,Croatia Hrvatska)
Petrovci,Vukovar-Srijem,Croatia Hrvatska)
Posavski Podgajci,Vukovar-Srijem,Croatia Hrvatska)
Privlaka,Vukovar-Srijem,Croatia Hrvatska)
Rachinovci,Vukovar-Srijem,Croatia Hrvatska)
Rajevo Selo,Vukovar-Srijem,Croatia Hrvatska)
Retkovci,Vukovar-Srijem,Croatia Hrvatska)
Rokovci,Vukovar-Srijem,Croatia Hrvatska)
Sharengrad,Vukovar-Srijem,Croatia Hrvatska)
Shishkovci,Vukovar-Srijem,Croatia Hrvatska)
Shtitar,Vukovar-Srijem,Croatia Hrvatska)
Slakovci,Vukovar-Srijem,Croatia Hrvatska)
Soljani,Vukovar-Srijem,Croatia Hrvatska)
Sotin,Vukovar-Srijem,Croatia Hrvatska)
Stari Jankovci,Vukovar-Srijem,Croatia Hrvatska)
Stari Mikanovci,Vukovar-Srijem,Croatia Hrvatska)
Tordinci,Vukovar-Srijem,Croatia Hrvatska)
Tovarnik,Vukovar-Srijem,Croatia Hrvatska)
Trpinja,Vukovar-Srijem,Croatia Hrvatska)
Vinkovci,Vukovar-Srijem,Croatia Hrvatska)
Vodhinci,Vukovar-Srijem,Croatia Hrvatska)
Vrbanja,Vukovar-Srijem,Croatia Hrvatska)
Vukovar,Vukovar-Srijem,Croatia Hrvatska)
Zhupanja,Vukovar-Srijem,Croatia Hrvatska)
Benkovac,Zadar,Croatia Hrvatska)
Bibinje,Zadar,Croatia Hrvatska)
Biograd na Moru,Zadar,Croatia Hrvatska)
Debeljak,Zadar,Croatia Hrvatska)
Galovac,Zadar,Croatia Hrvatska)
Gorica,Zadar,Croatia Hrvatska)
Gornji Karin,Zadar,Croatia Hrvatska)
Grachac,Zadar,Croatia Hrvatska)
Jasenice,Zadar,Croatia Hrvatska)
Kali,Zadar,Croatia Hrvatska)
Krushevo,Zadar,Croatia Hrvatska)
Nin,Zadar,Croatia Hrvatska)
Obrovac,Zadar,Croatia Hrvatska)
Pag,Zadar,Croatia Hrvatska)
Pakoshtane,Zadar,Croatia Hrvatska)
Polacha,Zadar,Croatia Hrvatska)
Polichnik,Zadar,Croatia Hrvatska)
Poljica,Zadar,Croatia Hrvatska)
Posedarje,Zadar,Croatia Hrvatska)
Preko,Zadar,Croatia Hrvatska)
Pridraga,Zadar,Croatia Hrvatska)
Privlaka,Zadar,Croatia Hrvatska)
Razhanac,Zadar,Croatia Hrvatska)
Shkabrnja,Zadar,Croatia Hrvatska)
Slivnica,Zadar,Croatia Hrvatska)
Starigrad,Zadar,Croatia Hrvatska)
Sukoshan,Zadar,Croatia Hrvatska)
Sveti Filip i Jakov,Zadar,Croatia Hrvatska)
Turanj,Zadar,Croatia Hrvatska)
Ugljan,Zadar,Croatia Hrvatska)
Vir,Zadar,Croatia Hrvatska)
Vrsi,Zadar,Croatia Hrvatska)
Zadar,Zadar,Croatia Hrvatska)
Zemunik Donji,Zadar,Croatia Hrvatska)
Bestovje,Zagreb,Croatia Hrvatska)
Bishkupec Zelinski,Zagreb,Croatia Hrvatska)
Brckovljani,Zagreb,Croatia Hrvatska)
Brdovec,Zagreb,Croatia Hrvatska)
Bregana,Zagreb,Croatia Hrvatska)
Brezje,Zagreb,Croatia Hrvatska)
Bushevec,Zagreb,Croatia Hrvatska)
Celine,Zagreb,Croatia Hrvatska)
Domaslovec,Zagreb,Croatia Hrvatska)
Donja Bistra,Zagreb,Croatia Hrvatska)
Donja Kupchina,Zagreb,Croatia Hrvatska)
Donja Lomnica,Zagreb,Croatia Hrvatska)
Donja Zdenchina,Zagreb,Croatia Hrvatska)
Donji Desinec,Zagreb,Croatia Hrvatska)
Donji Stupnik,Zagreb,Croatia Hrvatska)
Dubrava,Zagreb,Croatia Hrvatska)
Dugo Selo,Zagreb,Croatia Hrvatska)
Gornja Bistra,Zagreb,Croatia Hrvatska)
Gornji Laduch,Zagreb,Croatia Hrvatska)
Gornji Stupnik,Zagreb,Croatia Hrvatska)
Grachec,Zagreb,Croatia Hrvatska)
Gradici,Zagreb,Croatia Hrvatska)
Ivan Bistranski,Zagreb,Croatia Hrvatska)
Ivanic-Grad,Zagreb,Croatia Hrvatska)
Jablanovec,Zagreb,Croatia Hrvatska)
Jakovlje,Zagreb,Croatia Hrvatska)
Jastrebarsko,Zagreb,Croatia Hrvatska)
Kerestinec,Zagreb,Croatia Hrvatska)
Klincha Sela,Zagreb,Croatia Hrvatska)
Kloshtar Ivanic,Zagreb,Croatia Hrvatska)
Kozinshchak,Zagreb,Croatia Hrvatska)
Krizh,Zagreb,Croatia Hrvatska)
Kuche,Zagreb,Croatia Hrvatska)
Kupinec,Zagreb,Croatia Hrvatska)
Lonjica,Zagreb,Croatia Hrvatska)
Luka,Zagreb,Croatia Hrvatska)
Lukarishce,Zagreb,Croatia Hrvatska)
Lukavec,Zagreb,Croatia Hrvatska)
Lupoglav,Zagreb,Croatia Hrvatska)
Michevec,Zagreb,Croatia Hrvatska)
Mraclin,Zagreb,Croatia Hrvatska)
Novaki,Zagreb,Croatia Hrvatska)
Novo Chiche,Zagreb,Croatia Hrvatska)
Novoselec,Zagreb,Croatia Hrvatska)
Oborovo Bistranski,Zagreb,Croatia Hrvatska)
Oreshje,Zagreb,Croatia Hrvatska)
Pojatno,Zagreb,Croatia Hrvatska)
Poljanica Bistranska,Zagreb,Croatia Hrvatska)
Prigorje Brdovechko,Zagreb,Croatia Hrvatska)
Rakitje,Zagreb,Croatia Hrvatska)
Rakov Potok,Zagreb,Croatia Hrvatska)
Rude,Zagreb,Croatia Hrvatska)
Samobor,Zagreb,Croatia Hrvatska)
Strmec,Zagreb,Croatia Hrvatska)
Sveta Nedelja,Zagreb,Croatia Hrvatska)
Sveti Ivan Zelina,Zagreb,Croatia Hrvatska)
Turopolje,Zagreb,Croatia Hrvatska)
Velika Gorica,Zagreb,Croatia Hrvatska)
Velika Mlaka,Zagreb,Croatia Hrvatska)
Velika Ostrna,Zagreb,Croatia Hrvatska)
Vrbovec,Zagreb,Croatia Hrvatska)
Vukovina,Zagreb,Croatia Hrvatska)
Zapreshic,Zagreb,Croatia Hrvatska)
Zdenci Brdovechki,Zagreb,Croatia Hrvatska)
Limassol,Limassol,Cyprus
Paphos,Paphos,Cyprus
Frycovice,Frycovice,Czech Republic
Bechyne,Jihochesky,Czech Republic
Blatna,Jihochesky,Czech Republic
Cheske Budejovice,Jihochesky,Czech Republic
Chesky Krumlov,Jihochesky,Czech Republic
Dachice,Jihochesky,Czech Republic
Jindrichuv Hradec,Jihochesky,Czech Republic
Kaplice,Jihochesky,Czech Republic
Milevsko,Jihochesky,Czech Republic
Pisek,Jihochesky,Czech Republic
Prachatice,Jihochesky,Czech Republic
Protivin,Jihochesky,Czech Republic
Sezimovo Usti,Jihochesky,Czech Republic
Sobeslav,Jihochesky,Czech Republic
Strakonice,Jihochesky,Czech Republic
Tabor,Jihochesky,Czech Republic
Trebon,Jihochesky,Czech Republic
Tyn nad Vltavou,Jihochesky,Czech Republic
Veseli nad Luzhnici,Jihochesky,Czech Republic
Vimperk,Jihochesky,Czech Republic
Vodnany,Jihochesky,Czech Republic
Adamov,Jihomoravsky,Czech Republic
Blansko,Jihomoravsky,Czech Republic
Boskovice,Jihomoravsky,Czech Republic
Breclav,Jihomoravsky,Czech Republic
Brno,Jihomoravsky,Czech Republic
Buchovice,Jihomoravsky,Czech Republic
Dubnany,Jihomoravsky,Czech Republic
Hodonin,Jihomoravsky,Czech Republic
Hrusky,Jihomoravsky,Czech Republic
Hustopeche,Jihomoravsky,Czech Republic
Ivanchice,Jihomoravsky,Czech Republic
Kurim,Jihomoravsky,Czech Republic
Kyjov,Jihomoravsky,Czech Republic
Letovice,Jihomoravsky,Czech Republic
Mikulov,Jihomoravsky,Czech Republic
Moravsky Krumlov,Jihomoravsky,Czech Republic
Namesht nad Oslavou,Jihomoravsky,Czech Republic
Rosice,Jihomoravsky,Czech Republic
Shlapanice,Jihomoravsky,Czech Republic
Slavkov u Brna,Jihomoravsky,Czech Republic
Tishnov,Jihomoravsky,Czech Republic
Vyshkov,Jihomoravsky,Czech Republic
Znojmo,Jihomoravsky,Czech Republic
Ash,Karlovarsky,Czech Republic
Bozicany,Karlovarsky,Czech Republic
Cheb,Karlovarsky,Czech Republic
Chodov,Karlovarsky,Czech Republic
Frantishkovy Lazne,Karlovarsky,Czech Republic
Horni Slavkov,Karlovarsky,Czech Republic
Karlovy Vary,Karlovarsky,Czech Republic
Kraslice,Karlovarsky,Czech Republic
Kynshperk nad Ohri,Karlovarsky,Czech Republic
Marianske Lazne,Karlovarsky,Czech Republic
Nejdek,Karlovarsky,Czech Republic
Ostrov,Karlovarsky,Czech Republic
Sokolov,Karlovarsky,Czech Republic
Klecany,Klecany,Czech Republic
Broumov,Kralovehradecky,Czech Republic
Cherveny Kostelec,Kralovehradecky,Czech Republic
Cheska Skalice,Kralovehradecky,Czech Republic
Chlumec nad Cidlinou,Kralovehradecky,Czech Republic
Dobrushka,Kralovehradecky,Czech Republic
Dvur Kralove,Kralovehradecky,Czech Republic
Habartov,Kralovehradecky,Czech Republic
Holice,Kralovehradecky,Czech Republic
Horice,Kralovehradecky,Czech Republic
Hostinne,Kralovehradecky,Czech Republic
Hradec Kralove,Kralovehradecky,Czech Republic
Hronov,Kralovehradecky,Czech Republic
Jaromer,Kralovehradecky,Czech Republic
Jichin,Kralovehradecky,Czech Republic
Kostelec nad Orlici,Kralovehradecky,Czech Republic
Nachod,Kralovehradecky,Czech Republic
Nova Paka,Kralovehradecky,Czech Republic
Nove Mesto nad Metuji,Kralovehradecky,Czech Republic
Novy Bydzhov,Kralovehradecky,Czech Republic
Rychnov nad Knezhnou,Kralovehradecky,Czech Republic
Trebechovice pod Orebem,Kralovehradecky,Czech Republic
Trutnov,Kralovehradecky,Czech Republic
Tynishte nad Orlici,Kralovehradecky,Czech Republic
Upice,Kralovehradecky,Czech Republic
Vrchlabi,Kralovehradecky,Czech Republic
Ceska Lipa,Liberecky,Czech Republic
Cheska Kamenice,Liberecky,Czech Republic
Cheska Lipa,Liberecky,Czech Republic
Chrastava,Liberecky,Czech Republic
Doksy,Liberecky,Czech Republic
Frydlant,Liberecky,Czech Republic
Hradek,Liberecky,Czech Republic
Jablonec,Liberecky,Czech Republic
Jilemnice,Liberecky,Czech Republic
Liberec,Liberecky,Czech Republic
Lomnice nad Popelkou,Liberecky,Czech Republic
Mimon,Liberecky,Czech Republic
Novy Bor,Liberecky,Czech Republic
Semily,Liberecky,Czech Republic
Tanvald,Liberecky,Czech Republic
Turnov,Liberecky,Czech Republic
Zhelezny Brod,Liberecky,Czech Republic
Lipov,Lipov,Czech Republic
Bilovec,Moravskoslezsky,Czech Republic
Bohumin,Moravskoslezsky,Czech Republic
Bruntal,Moravskoslezsky,Czech Republic
Chesky Teshin,Moravskoslezsky,Czech Republic
Frenshtat,Moravskoslezsky,Czech Republic
Frydek-Mistek,Moravskoslezsky,Czech Republic
Frydlant nad Ostravici,Moravskoslezsky,Czech Republic
Fulnek,Moravskoslezsky,Czech Republic
Havirov,Moravskoslezsky,Czech Republic
Hluchin,Moravskoslezsky,Czech Republic
Hradec nad Moravice,Moravskoslezsky,Czech Republic
Jablunkov,Moravskoslezsky,Czech Republic
Karvina,Moravskoslezsky,Czech Republic
Koprivnice,Moravskoslezsky,Czech Republic
Kravare,Moravskoslezsky,Czech Republic
Krnov,Moravskoslezsky,Czech Republic
Novy Jichin,Moravskoslezsky,Czech Republic
Odry,Moravskoslezsky,Czech Republic
Opava,Moravskoslezsky,Czech Republic
Orlova,Moravskoslezsky,Czech Republic
Ostrava,Moravskoslezsky,Czech Republic
Petrvald,Moravskoslezsky,Czech Republic
Pribor,Moravskoslezsky,Czech Republic
Rychvald,Moravskoslezsky,Czech Republic
Rymarov,Moravskoslezsky,Czech Republic
Shenov,Moravskoslezsky,Czech Republic
Studenka,Moravskoslezsky,Czech Republic
Trinec,Moravskoslezsky,Czech Republic
Vitkov,Moravskoslezsky,Czech Republic
Vratimov,Moravskoslezsky,Czech Republic
Vrbno pod Pradedem,Moravskoslezsky,Czech Republic
Hranice,Olomoucky,Czech Republic
Jesenik,Olomoucky,Czech Republic
Kojetin,Olomoucky,Czech Republic
Lipnik nad Becvou,Olomoucky,Czech Republic
Litovel,Olomoucky,Czech Republic
Mohelnice,Olomoucky,Czech Republic
Olomouc,Olomoucky,Czech Republic
Prerov,Olomoucky,Czech Republic
Prostejov,Olomoucky,Czech Republic
Shternberk,Olomoucky,Czech Republic
Shumperk,Olomoucky,Czech Republic
Unichov,Olomoucky,Czech Republic
Zabreh,Olomoucky,Czech Republic
Hranice,Olomoucky Kraj,Czech Republic
Jesenik,Olomoucky Kraj,Czech Republic
Kojetin,Olomoucky Kraj,Czech Republic
Lipnik nad Becvou,Olomoucky Kraj,Czech Republic
Litovel,Olomoucky Kraj,Czech Republic
Mohelnice,Olomoucky Kraj,Czech Republic
Olomouc,Olomoucky Kraj,Czech Republic
Prerov,Olomoucky Kraj,Czech Republic
Prostejov,Olomoucky Kraj,Czech Republic
Shternberk,Olomoucky Kraj,Czech Republic
Shumperk,Olomoucky Kraj,Czech Republic
Unichov,Olomoucky Kraj,Czech Republic
Zabreh,Olomoucky Kraj,Czech Republic
Cheska Trebova,Pardubicky,Czech Republic
Chocen,Pardubicky,Czech Republic
Chrudim,Pardubicky,Czech Republic
Chvaletice,Pardubicky,Czech Republic
Hermanuv Mestec,Pardubicky,Czech Republic
Hlinsko,Pardubicky,Czech Republic
Lanshkroun,Pardubicky,Czech Republic
Letohrad,Pardubicky,Czech Republic
Litomyshl,Pardubicky,Czech Republic
Moravska Trebova,Pardubicky,Czech Republic
Pardubice,Pardubicky,Czech Republic
Polichka,Pardubicky,Czech Republic
Policka,Pardubicky,Czech Republic
Prelouch,Pardubicky,Czech Republic
Skutech,Pardubicky,Czech Republic
Svitavy,Pardubicky,Czech Republic
Usti nad Orlici,Pardubicky,Czech Republic
Vysoke Myto,Pardubicky,Czech Republic
Zhamberk,Pardubicky,Czech Republic
Dobrany,Plzensky,Czech Republic
Domazhlice,Plzensky,Czech Republic
Horazhdovice,Plzensky,Czech Republic
Horshovky Tyn,Plzensky,Czech Republic
Kdyne,Plzensky,Czech Republic
Klatovy,Plzensky,Czech Republic
Nyrany,Plzensky,Czech Republic
Nyrsko,Plzensky,Czech Republic
Plana,Plzensky,Czech Republic
Plzen,Plzensky,Czech Republic
Preshtice,Plzensky,Czech Republic
Radnice,Plzensky,Czech Republic
Rokycany,Plzensky,Czech Republic
Stribro,Plzensky,Czech Republic
Sushice,Plzensky,Czech Republic
Tachov,Plzensky,Czech Republic
Prague,Praha,Czech Republic
Praha,Praha,Czech Republic
Rajhrad,Rajhrad,Czech Republic
Smirice,Smirice,Czech Republic
Benatky nad Jizerou,Stredochesky,Czech Republic
Beneshov,Stredochesky,Czech Republic
Beroun,Stredochesky,Czech Republic
Brandys nad Labem-Stara Bolesl,Stredochesky,Czech Republic
Chaslav,Stredochesky,Czech Republic
Chavaletice,Stredochesky,Czech Republic
Chelakovice,Stredochesky,Czech Republic
Chesky Brod,Stredochesky,Czech Republic
Dobrish,Stredochesky,Czech Republic
Horovice,Stredochesky,Czech Republic
Kladno,Stredochesky,Czech Republic
Kolin,Stredochesky,Czech Republic
Kralupy nad Vltavou,Stredochesky,Czech Republic
Kutna Hora,Stredochesky,Czech Republic
Lysa nad Labem,Stredochesky,Czech Republic
Melnik,Stredochesky,Czech Republic
Mlada Boleslav,Stredochesky,Czech Republic
Mnichovo Hradishte,Stredochesky,Czech Republic
Neratovice,Stredochesky,Czech Republic
Nove Strasheci,Stredochesky,Czech Republic
Nymburk,Stredochesky,Czech Republic
Podebrady,Stredochesky,Czech Republic
Pribram,Stredochesky,Czech Republic
Rakovnik,Stredochesky,Czech Republic
Richany,Stredochesky,Czech Republic
Rousinov,Stredochesky,Czech Republic
Roztoky,Stredochesky,Czech Republic
Sedlcany,Stredochesky,Czech Republic
Slany,Stredochesky,Czech Republic
Stochov,Stredochesky,Czech Republic
Vlashim,Stredochesky,Czech Republic
Zruch nad Sazavou,Stredochesky,Czech Republic
Unicov,Unicov,Czech Republic
Bilina,Ustecky,Czech Republic
Chomutov,Ustecky,Czech Republic
Dechin,Ustecky,Czech Republic
Dubi,Ustecky,Czech Republic
Duchcov,Ustecky,Czech Republic
Jilove,Ustecky,Czech Republic
Kadan,Ustecky,Czech Republic
Klasterec nad Ohri,Ustecky,Czech Republic
Krupka,Ustecky,Czech Republic
Litomerice,Ustecky,Czech Republic
Litvinov,Ustecky,Czech Republic
Louny,Ustecky,Czech Republic
Lovosice,Ustecky,Czech Republic
Mezibori,Ustecky,Czech Republic
Most,Ustecky,Czech Republic
Osek,Ustecky,Czech Republic
Podborany,Ustecky,Czech Republic
Roudnice,Ustecky,Czech Republic
Rumburk,Ustecky,Czech Republic
Shluknov,Ustecky,Czech Republic
Shteti,Ustecky,Czech Republic
Teplice,Ustecky,Czech Republic
Usti,Ustecky,Czech Republic
Varnsdorf,Ustecky,Czech Republic
Zatec,Ustecky,Czech Republic
Valletta,Valletta,Czech Republic
Velesin,Velesin,Czech Republic
Bystrice nad Pernshtejnem,Vysochina,Czech Republic
Chotebor,Vysochina,Czech Republic
Havlichkuv Brod,Vysochina,Czech Republic
Humpolec,Vysochina,Czech Republic
Jihlava,Vysochina,Czech Republic
Ledech,Vysochina,Czech Republic
Moravske Budejovice,Vysochina,Czech Republic
Nove Mesto na Morave,Vysochina,Czech Republic
Okrisky,Vysochina,Czech Republic
Pacov,Vysochina,Czech Republic
Pelhrimov,Vysochina,Czech Republic
Polna,Vysochina,Czech Republic
Svetla nad Sazavou,Vysochina,Czech Republic
Telch,Vysochina,Czech Republic
Trebich,Vysochina,Czech Republic
Tresht,Vysochina,Czech Republic
Velke Mezirichi,Vysochina,Czech Republic
Zhdar,Vysochina,Czech Republic
Brumov,Zlinsky,Czech Republic
Bystrice pod Hostynem,Zlinsky,Czech Republic
Chropyne,Zlinsky,Czech Republic
Holeshov,Zlinsky,Czech Republic
Hulin,Zlinsky,Czech Republic
Kromerizh,Zlinsky,Czech Republic
Kunovice,Zlinsky,Czech Republic
Napajedla,Zlinsky,Czech Republic
Otrokovice,Zlinsky,Czech Republic
Rozhnov,Zlinsky,Czech Republic
Roznov pod Radhostem,Zlinsky,Czech Republic
Slavicin,Zlinsky,Czech Republic
Slusovice,Zlinsky,Czech Republic
Stare Mesto,Zlinsky,Czech Republic
Strazhnice,Zlinsky,Czech Republic
Uherske Hradishte,Zlinsky,Czech Republic
Uhersky Brod,Zlinsky,Czech Republic
Valashske Klobouky,Zlinsky,Czech Republic
Valashske Mezirichi,Zlinsky,Czech Republic
Veseli nad Moravou,Zlinsky,Czech Republic
Vsetin,Zlinsky,Czech Republic
Zborovice,Zlinsky,Czech Republic
Zlin,Zlinsky,Czech Republic
Aarhus,Arhus,Denmark
Allingabro,Arhus,Denmark
Arhus,Arhus,Denmark
Assentoft,Arhus,Denmark
Auning,Arhus,Denmark
Beder,Arhus,Denmark
Brabrand,Arhus,Denmark
Ebeltoft,Arhus,Denmark
Framlev,Arhus,Denmark
Galten,Arhus,Denmark
Grenaa,Arhus,Denmark
Hadsten,Arhus,Denmark
Hammel,Arhus,Denmark
Hinnerup,Arhus,Denmark
Hjortshoj,Arhus,Denmark
Horning,Arhus,Denmark
Hornslet,Arhus,Denmark
Kolt,Arhus,Denmark
Langa,Arhus,Denmark
Logten,Arhus,Denmark
Lystrup,Arhus,Denmark
Malling,Arhus,Denmark
Mariager,Arhus,Denmark
Marslet,Arhus,Denmark
Odder,Arhus,Denmark
Randers,Arhus,Denmark
Risskov,Arhus,Denmark
Ronde,Arhus,Denmark
Ry,Arhus,Denmark
Ryomgard,Arhus,Denmark
Sabro,Arhus,Denmark
Silkeborg,Arhus,Denmark
Skanderborg,Arhus,Denmark
Skovby,Arhus,Denmark
Soften,Arhus,Denmark
Solbjerg,Arhus,Denmark
Spentrup,Arhus,Denmark
Stavtrup,Arhus,Denmark
Stilling,Arhus,Denmark
Svejbak,Arhus,Denmark
Tranbjerg,Arhus,Denmark
Trige,Arhus,Denmark
Virklund,Arhus,Denmark
Aakirkeby,Bornholm,Denmark
Allinge-Sandvig,Bornholm,Denmark
Nexo,Bornholm,Denmark
Ronne,Bornholm,Denmark
Allerod,Frederiksborg,Denmark
Birkerod,Frederiksborg,Denmark
Blovstrod,Frederiksborg,Denmark
Espergarde,Frederiksborg,Denmark
Farum,Frederiksborg,Denmark
Fredensborg,Frederiksborg,Denmark
Frederikssund,Frederiksborg,Denmark
Frederiksvark,Frederiksborg,Denmark
Ganlose,Frederiksborg,Denmark
Gilleleje,Frederiksborg,Denmark
Grasted,Frederiksborg,Denmark
Hellebak,Frederiksborg,Denmark
Helsinge,Frederiksborg,Denmark
Helsingor,Frederiksborg,Denmark
Hillerod,Frederiksborg,Denmark
Hornbak,Frederiksborg,Denmark
Horsholm,Frederiksborg,Denmark
Humlebak,Frederiksborg,Denmark
Hundested,Frederiksborg,Denmark
Jagerspris,Frederiksborg,Denmark
Kvistgaard,Frederiksborg,Denmark
Lillerod,Frederiksborg,Denmark
Liseleje,Frederiksborg,Denmark
Lynge,Frederiksborg,Denmark
Niva,Frederiksborg,Denmark
Nodebo,Frederiksborg,Denmark
Olstykke,Frederiksborg,Denmark
Skibby,Frederiksborg,Denmark
Slangerup,Frederiksborg,Denmark
Stavnsholt,Frederiksborg,Denmark
Stenlose,Frederiksborg,Denmark
Valby,Frederiksborg,Denmark
Vekso,Frederiksborg,Denmark
Aarup,Fyn,Denmark
Arslev,Fyn,Denmark
Assens,Fyn,Denmark
Bellinge,Fyn,Denmark
Blommenslyst,Fyn,Denmark
Bogense,Fyn,Denmark
Brenderup,Fyn,Denmark
Broby,Fyn,Denmark
Bullerup,Fyn,Denmark
Ejby,Fyn,Denmark
Faaborg,Fyn,Denmark
Glamsbjerg,Fyn,Denmark
Haarby,Fyn,Denmark
Hojby,Fyn,Denmark
Kerteminde,Fyn,Denmark
Langeskov,Fyn,Denmark
Marstal,Fyn,Denmark
Middelfart,Fyn,Denmark
Munkebo,Fyn,Denmark
Neder Holluf,Fyn,Denmark
Norre Aaby,Fyn,Denmark
Nyborg,Fyn,Denmark
Odense,Fyn,Denmark
Otterup,Fyn,Denmark
Ringe,Fyn,Denmark
Rudkobing,Fyn,Denmark
Sankt Klemens,Fyn,Denmark
Seden,Fyn,Denmark
Sonderso,Fyn,Denmark
Stige,Fyn,Denmark
Strib,Fyn,Denmark
Svendborg,Fyn,Denmark
Thuro,Fyn,Denmark
Tommerup,Fyn,Denmark
Ullerslev,Fyn,Denmark
Vindeby,Fyn,Denmark
Vissenbjerg,Fyn,Denmark
Ballerup,Hovedstaden,Denmark
Brondby,Hovedstaden,Denmark
Stenlose,Hovedstaden,Denmark
Vallensbaek,Hovedstaden,Denmark
Dragor,Kobenhavn,Denmark
Flong,Kobenhavn,Denmark
Gentofte,Kobenhavn,Denmark
Glostrup,Kobenhavn,Denmark
Herlev,Kobenhavn,Denmark
Hvidovre,Kobenhavn,Denmark
Ishoj,Kobenhavn,Denmark
Kastrup,Kobenhavn,Denmark
Lyngby,Kobenhavn,Denmark
Malov,Kobenhavn,Denmark
Smorumnedre,Kobenhavn,Denmark
Taastrup,Kobenhavn,Denmark
Trorod,Kobenhavn,Denmark
Vanlose,Kobenhavn,Denmark
Varlose,Kobenhavn,Denmark
Aabybro,Nordjylland,Denmark
Aalborg,Nordjylland,Denmark
Aars,Nordjylland,Denmark
Arden,Nordjylland,Denmark
Bindslev,Nordjylland,Denmark
Bronderslev,Nordjylland,Denmark
Brovst,Nordjylland,Denmark
Dronninglund,Nordjylland,Denmark
Farso,Nordjylland,Denmark
Fjerritslev,Nordjylland,Denmark
Frederikshavn,Nordjylland,Denmark
Frejlev,Nordjylland,Denmark
Gistrup,Nordjylland,Denmark
Gorlose,Nordjylland,Denmark
Hadsund,Nordjylland,Denmark
Hals,Nordjylland,Denmark
Hirtshals,Nordjylland,Denmark
Hjallerup,Nordjylland,Denmark
Hjorring,Nordjylland,Denmark
Hobro,Nordjylland,Denmark
Kas,Nordjylland,Denmark
Klarup,Nordjylland,Denmark
Logstor,Nordjylland,Denmark
Nibe,Nordjylland,Denmark
Norresundby,Nordjylland,Denmark
Nrresundby,Nordjylland,Denmark
Pandrup,Nordjylland,Denmark
Saby,Nordjylland,Denmark
Sindal,Nordjylland,Denmark
Skagen,Nordjylland,Denmark
Skorping,Nordjylland,Denmark
Storvorde,Nordjylland,Denmark
Stovring,Nordjylland,Denmark
Strandby,Nordjylland,Denmark
Sulsted,Nordjylland,Denmark
Svenstrup,Nordjylland,Denmark
Tars,Nordjylland,Denmark
Tranekaer,Nordjylland,Denmark
Vadum,Nordjylland,Denmark
Vestbjerg,Nordjylland,Denmark
Vester Hassing,Nordjylland,Denmark
Vodskov,Nordjylland,Denmark
Vra,Nordjylland,Denmark
Ansager,Ribe,Denmark
Billund,Ribe,Denmark
Bramming,Ribe,Denmark
Brorup,Ribe,Denmark
Esbjerg,Ribe,Denmark
Grindsted,Ribe,Denmark
Holsted,Ribe,Denmark
Nordby,Ribe,Denmark
Oksbol,Ribe,Denmark
Olgod,Ribe,Denmark
Ribe,Ribe,Denmark
Tjareborg,Ribe,Denmark
Varde,Ribe,Denmark
Vejen,Ribe,Denmark
Vorbasse,Ribe,Denmark
Aulum,Ringkobing,Denmark
Bording,Ringkobing,Denmark
Brande,Ringkobing,Denmark
Gjellerup Kirkeby,Ringkobing,Denmark
Hammerum,Ringkobing,Denmark
Harboore,Ringkobing,Denmark
Herning,Ringkobing,Denmark
Holstebro,Ringkobing,Denmark
Hvide Sande,Ringkobing,Denmark
Ikast,Ringkobing,Denmark
Kibak,Ringkobing,Denmark
Lemvig,Ringkobing,Denmark
Lind,Ringkobing,Denmark
Ringkobing,Ringkobing,Denmark
Skaerbaek,Ringkobing,Denmark
Skjern,Ringkobing,Denmark
Snejbjerg,Ringkobing,Denmark
Struer,Ringkobing,Denmark
Sunds,Ringkobing,Denmark
Tarm,Ringkobing,Denmark
Thyboron,Ringkobing,Denmark
Ulfborg,Ringkobing,Denmark
Videbak,Ringkobing,Denmark
Vildbjerg,Ringkobing,Denmark
Vinderup,Ringkobing,Denmark
Roervig,Roervig,Denmark
Bjaverskov,Roskilde,Denmark
Borup,Roskilde,Denmark
Ejby,Roskilde,Denmark
Greve Strand,Roskilde,Denmark
Gundsomagle,Roskilde,Denmark
Harlev,Roskilde,Denmark
Havdrup,Roskilde,Denmark
Hvalso,Roskilde,Denmark
Jyllinge,Roskilde,Denmark
Koge,Roskilde,Denmark
Lejre,Roskilde,Denmark
Osted,Roskilde,Denmark
Roskilde,Roskilde,Denmark
Solrod,Roskilde,Denmark
Stroby Egede,Roskilde,Denmark
Svogerslev,Roskilde,Denmark
Tune,Roskilde,Denmark
Viby,Roskilde,Denmark
Vindinge,Roskilde,Denmark
Glyngore,Roslev,Denmark
Karise,Sjaelland,Denmark
Naestved,Sjaelland,Denmark
Soeborg,Soeborg,Denmark
Aabenraa,Sonderjylland,Denmark
Aarsleve,Sonderjylland,Denmark
Augustenborg,Sonderjylland,Denmark
Broager,Sonderjylland,Denmark
Christiansfeld,Sonderjylland,Denmark
Dybbol,Sonderjylland,Denmark
Gram,Sonderjylland,Denmark
Grasten,Sonderjylland,Denmark
Guderup,Sonderjylland,Denmark
Haderslev,Sonderjylland,Denmark
Horuphav,Sonderjylland,Denmark
Krusa,Sonderjylland,Denmark
Logumkloster,Sonderjylland,Denmark
Lojt Kirkeby,Sonderjylland,Denmark
Nordborg,Sonderjylland,Denmark
Padborg,Sonderjylland,Denmark
Rodding,Sonderjylland,Denmark
Rodekro,Sonderjylland,Denmark
Skarbak,Sonderjylland,Denmark
Sonderborg,Sonderjylland,Denmark
Starup,Sonderjylland,Denmark
Tinglev,Sonderjylland,Denmark
Toftlund,Sonderjylland,Denmark
Tonder,Sonderjylland,Denmark
Vojens,Sonderjylland,Denmark
Fakse,Storstrom,Denmark
Fakse Ladeplads,Storstrom,Denmark
Fensmark,Storstrom,Denmark
Holeby,Storstrom,Denmark
Maribo,Storstrom,Denmark
Nakskov,Storstrom,Denmark
Nastved,Storstrom,Denmark
Neder Vindinge,Storstrom,Denmark
Norre Alslev,Storstrom,Denmark
Nykobing,Storstrom,Denmark
Nyrad,Storstrom,Denmark
Orslev,Storstrom,Denmark
Prasto,Storstrom,Denmark
Rodby,Storstrom,Denmark
Rodbyhavn,Storstrom,Denmark
Ronnede,Storstrom,Denmark
Sakskobing,Storstrom,Denmark
Stege,Storstrom,Denmark
Store Heddinge,Storstrom,Denmark
Stubbekobing,Storstrom,Denmark
Sundby,Storstrom,Denmark
Vordingborg,Storstrom,Denmark
Bylderup-Bov,Syddanmark,Denmark
Fovling,Syddanmark,Denmark
Toelloese,Toelloese,Denmark
Borkop,Vejle,Denmark
Bradstrup,Vejle,Denmark
Brejning,Vejle,Denmark
Egtved,Vejle,Denmark
Fredericia,Vejle,Denmark
Give,Vejle,Denmark
Hedensted,Vejle,Denmark
Horsens,Vejle,Denmark
Jelling,Vejle,Denmark
Juelsminde,Vejle,Denmark
Kolding,Vejle,Denmark
Lunderskov,Vejle,Denmark
Snoghoj,Vejle,Denmark
Sonder Bjert,Vejle,Denmark
Taulov,Vejle,Denmark
Torring,Vejle,Denmark
Vamdrup,Vejle,Denmark
Vejle,Vejle,Denmark
Asnas,Vestsjalland,Denmark
Dianalund,Vestsjalland,Denmark
Forlev,Vestsjalland,Denmark
Frederiksberg,Vestsjalland,Denmark
Fuglebjerg,Vestsjalland,Denmark
Gorlev,Vestsjalland,Denmark
Haslev,Vestsjalland,Denmark
Holbaek,Vestsjalland,Denmark
Hong,Vestsjalland,Denmark
Horve,Vestsjalland,Denmark
Jyderup,Vestsjalland,Denmark
Kalundborg,Vestsjalland,Denmark
Korsor,Vestsjalland,Denmark
Nykobing,Vestsjalland,Denmark
Ringsted,Vestsjalland,Denmark
Skalskor,Vestsjalland,Denmark
Slagelse,Vestsjalland,Denmark
Soro,Vestsjalland,Denmark
Svebolle,Vestsjalland,Denmark
Svinninge,Vestsjalland,Denmark
Tollose,Vestsjalland,Denmark
Vipperod,Vestsjalland,Denmark
Aalestrup,Viborg,Denmark
Bjerringbro,Viborg,Denmark
Hanstholm,Viborg,Denmark
Hojslev,Viborg,Denmark
Hurup,Viborg,Denmark
Karup,Viborg,Denmark
Kjellerup,Viborg,Denmark
Nykobing,Viborg,Denmark
Skive,Viborg,Denmark
Stoholm,Viborg,Denmark
Thisted,Viborg,Denmark
Ulstrup,Viborg,Denmark
Viborg,Viborg,Denmark
Aasmae,Harju,Estonia
Aaviku,Harju,Estonia
Aegviidu,Harju,Estonia
Aigrumae,Harju,Estonia
Aila,Harju,Estonia
Alavere,Harju,Estonia
Alliku,Harju,Estonia
Amari,Harju,Estonia
Anija,Harju,Estonia
Ardu,Harju,Estonia
Arukula,Harju,Estonia
Aruvalla,Harju,Estonia
Assaku,Harju,Estonia
Ellamaa,Harju,Estonia
Haabneeme,Harju,Estonia
Habaja,Harju,Estonia
Haiba,Harju,Estonia
Haljava,Harju,Estonia
Hara,Harju,Estonia
Harju-Risti,Harju,Estonia
Harku,Harju,Estonia
Harkujarve,Harju,Estonia
Harma,Harju,Estonia
Huuru,Harju,Estonia
Ilmandu,Harju,Estonia
Iru,Harju,Estonia
Jagala,Harju,Estonia
Jalgimae,Harju,Estonia
Jarsi,Harju,Estonia
Jarvekula,Harju,Estonia
Jogisoo,Harju,Estonia
Juri,Harju,Estonia
Kaasiku,Harju,Estonia
Kaberneeme,Harju,Estonia
Kahala,Harju,Estonia
Kalesi,Harju,Estonia
Kallavere,Harju,Estonia
Karjakula,Harju,Estonia
Karla,Harju,Estonia
Kasepere,Harju,Estonia
Kasispea,Harju,Estonia
Kehra,Harju,Estonia
Keila,Harju,Estonia
Keila-Joa,Harju,Estonia
Kelvingi,Harju,Estonia
Kiia,Harju,Estonia
Kiili,Harju,Estonia
Kiisa,Harju,Estonia
Kiiu,Harju,Estonia
Klooga,Harju,Estonia
Kloogaranna,Harju,Estonia
Kohatu,Harju,Estonia
Kolga,Harju,Estonia
Kolga-Aabla,Harju,Estonia
Kolgakula,Harju,Estonia
Konnu,Harju,Estonia
Kose,Harju,Estonia
Kose-Uuemoisa,Harju,Estonia
Kostivere,Harju,Estonia
Krei,Harju,Estonia
Kuivajoe,Harju,Estonia
Kumna,Harju,Estonia
Kurtna,Harju,Estonia
Kuusalu,Harju,Estonia
Laabi,Harju,Estonia
Laagri,Harju,Estonia
Lagedi,Harju,Estonia
Laitse,Harju,Estonia
Laulasmaa,Harju,Estonia
Lehetu,Harju,Estonia
Lehola,Harju,Estonia
Lehtmetsa,Harju,Estonia
Leppneeme,Harju,Estonia
Liikva,Harju,Estonia
Lilli,Harju,Estonia
Lohusalu,Harju,Estonia
Loksa,Harju,Estonia
Lokuti,Harju,Estonia
Loo,Harju,Estonia
Lubja,Harju,Estonia
Luige,Harju,Estonia
Maardu,Harju,Estonia
Maidla,Harju,Estonia
Manniku,Harju,Estonia
Metsakasti,Harju,Estonia
Metsanurme,Harju,Estonia
Miiduranna,Harju,Estonia
Munalaskme,Harju,Estonia
Muraste,Harju,Estonia
Muuga,Harju,Estonia
Nabala,Harju,Estonia
Neeme,Harju,Estonia
Ohtu,Harju,Estonia
Ojasoo,Harju,Estonia
Oru,Harju,Estonia
Padise,Harju,Estonia
Pae,Harju,Estonia
Paekna,Harju,Estonia
Pajupea,Harju,Estonia
Paldiski,Harju,Estonia
Palvere,Harju,Estonia
Parispea,Harju,Estonia
Patika,Harju,Estonia
Paunkula,Harju,Estonia
Peetri,Harju,Estonia
Peningi,Harju,Estonia
Perila,Harju,Estonia
Pikva,Harju,Estonia
Pillapalu,Harju,Estonia
Pringi,Harju,Estonia
Puunsi,Harju,Estonia
Raasiku,Harju,Estonia
Rae,Harju,Estonia
Randvere,Harju,Estonia
Rannamoisa,Harju,Estonia
Ravila,Harju,Estonia
Riisipere,Harju,Estonia
Rohuneeme,Harju,Estonia
Roobuka,Harju,Estonia
Ruila,Harju,Estonia
Rummu,Harju,Estonia
Saha,Harju,Estonia
Saku,Harju,Estonia
Saue,Harju,Estonia
Saula,Harju,Estonia
Saunja,Harju,Estonia
Suurpea,Harju,Estonia
Suurupi,Harju,Estonia
Tabasalu,Harju,Estonia
Tagadi,Harju,Estonia
Tagametsa,Harju,Estonia
Tallinn,Harju,Estonia
Tammneeme,Harju,Estonia
Tiskre,Harju,Estonia
Todva,Harju,Estonia
Turba,Harju,Estonia
Turisalu,Harju,Estonia
Tutermaa,Harju,Estonia
Tuula,Harju,Estonia
Tuulna,Harju,Estonia
Uksnurme,Harju,Estonia
Ulejoe,Harju,Estonia
Uuri,Harju,Estonia
Uuskula,Harju,Estonia
Vaana,Harju,Estonia
Vaana-Joesuu,Harju,Estonia
Vaida,Harju,Estonia
Vaidasoo,Harju,Estonia
Valingu,Harju,Estonia
Valkla,Harju,Estonia
Vanamoisa,Harju,Estonia
Vardja,Harju,Estonia
Vasalemma,Harju,Estonia
Vaskjala,Harju,Estonia
Vatsla,Harju,Estonia
Veskikula,Harju,Estonia
Vihasoo,Harju,Estonia
Viimsi,Harju,Estonia
Viinistu,Harju,Estonia
Viti,Harju,Estonia
Emmaste,Hiiu,Estonia
Jausa,Hiiu,Estonia
Kaina,Hiiu,Estonia
Kardla,Hiiu,Estonia
Korgessaare,Hiiu,Estonia
Lauka,Hiiu,Estonia
Lope,Hiiu,Estonia
Mannamaa,Hiiu,Estonia
Putkaste,Hiiu,Estonia
Suuremoisa,Hiiu,Estonia
Aa,Ida-Viru,Estonia
Alajoe,Ida-Viru,Estonia