Nuremberg,Pennsylvania,USA
Nittany,Pennsylvania,USA
Scalp Level,Pennsylvania,USA
Harrison City,Pennsylvania,USA
Carnot-Moon,Pennsylvania,USA
Paxtonia,Pennsylvania,USA
North Charleroi,Pennsylvania,USA
Reading,Pennsylvania,USA
Karns City,Pennsylvania,USA
Shippensburg,Pennsylvania,USA
Parryville,Pennsylvania,USA
Weigelstown,Pennsylvania,USA
Mars,Pennsylvania,USA
Pennwyn,Pennsylvania,USA
Blairsville,Pennsylvania,USA
Beavertown,Pennsylvania,USA
Potlicker Flats,Pennsylvania,USA
Riverview Park,Pennsylvania,USA
Cokeburg,Pennsylvania,USA
Jerseytown,Pennsylvania,USA
Homeacre-Lyndora,Pennsylvania,USA
Ulysses,Pennsylvania,USA
Falls Creek,Pennsylvania,USA
Maple Glen,Pennsylvania,USA
Muncy,Pennsylvania,USA
Shippingport,Pennsylvania,USA
Sewickley Hills,Pennsylvania,USA
Stockertown,Pennsylvania,USA
Glenburn,Pennsylvania,USA
Prospect Park,Pennsylvania,USA
Sellersville,Pennsylvania,USA
Reinholds,Pennsylvania,USA
New Holland,Pennsylvania,USA
Marion Center,Pennsylvania,USA
Railroad,Pennsylvania,USA
Englewood,Pennsylvania,USA
Adamsville,Pennsylvania,USA
Linntown,Pennsylvania,USA
East Berwick,Pennsylvania,USA
Seven Valleys,Pennsylvania,USA
Lattimer,Pennsylvania,USA
Foot of Ten,Pennsylvania,USA
Meadowood,Pennsylvania,USA
Crabtree,Pennsylvania,USA
West Chester,Pennsylvania,USA
Fountain Hill,Pennsylvania,USA
Johnsonburg,Pennsylvania,USA
Slippery Rock,Pennsylvania,USA
Eddystone,Pennsylvania,USA
Milesburg,Pennsylvania,USA
Wattsburg,Pennsylvania,USA
Pine Ridge,Pennsylvania,USA
Orwin,Pennsylvania,USA
Saxonburg,Pennsylvania,USA
Wesleyville,Pennsylvania,USA
Blue Ridge Summit,Pennsylvania,USA
Allentown,Pennsylvania,USA
Leeper,Pennsylvania,USA
Warrior Run,Pennsylvania,USA
Albion,Pennsylvania,USA
Hublersburg,Pennsylvania,USA
Felton,Pennsylvania,USA
Jackson Center,Pennsylvania,USA
Bowers,Pennsylvania,USA
Ramey,Pennsylvania,USA
Bangor,Pennsylvania,USA
Riceville,Pennsylvania,USA
Revloc,Pennsylvania,USA
Lake Heritage,Pennsylvania,USA
Loganton,Pennsylvania,USA
Millbourne,Pennsylvania,USA
Ligonier,Pennsylvania,USA
Hokendauqua,Pennsylvania,USA
Boiling Springs,Pennsylvania,USA
Alexandria,Pennsylvania,USA
Gold Key Lake,Pennsylvania,USA
Ranshaw,Pennsylvania,USA
Bowmansville,Pennsylvania,USA
Lemont,Pennsylvania,USA
Robinson,Pennsylvania,USA
Patton,Pennsylvania,USA
Ursina,Pennsylvania,USA
Coaldale,Pennsylvania,USA
York Haven,Pennsylvania,USA
Youngsville,Pennsylvania,USA
Worthville,Pennsylvania,USA
Blandburg,Pennsylvania,USA
Penn,Pennsylvania,USA
Westland,Pennsylvania,USA
Hilldale,Pennsylvania,USA
Kittanning,Pennsylvania,USA
Oxford,Pennsylvania,USA
Gallitzin,Pennsylvania,USA
Idaville,Pennsylvania,USA
Cochranton,Pennsylvania,USA
Reamstown,Pennsylvania,USA
Portland,Pennsylvania,USA
Trooper,Pennsylvania,USA
Lawrence,Pennsylvania,USA
Palmerton,Pennsylvania,USA
Pine Grove,Pennsylvania,USA
Sykesville,Pennsylvania,USA
Saltillo,Pennsylvania,USA
Danville,Pennsylvania,USA
Newell,Pennsylvania,USA
South New Castle,Pennsylvania,USA
Mount Pleasant Mills,Pennsylvania,USA
Allport,Pennsylvania,USA
Northern Cambria,Pennsylvania,USA
Dayton,Pennsylvania,USA
Beaver Falls,Pennsylvania,USA
Factoryville,Pennsylvania,USA
South Heights,Pennsylvania,USA
Mammoth,Pennsylvania,USA
Chester,Pennsylvania,USA
Fairview-Ferndale,Pennsylvania,USA
Fullerton,Pennsylvania,USA
Dunlevy,Pennsylvania,USA
Sweden Valley,Pennsylvania,USA
Lawnton,Pennsylvania,USA
Bethany,Pennsylvania,USA
Black Lick,Pennsylvania,USA
Cornwells Heights,Pennsylvania,USA
Bridgewater,Pennsylvania,USA
Etna,Pennsylvania,USA
Clarks Green,Pennsylvania,USA
McDonald,Pennsylvania,USA
West Pittsburg,Pennsylvania,USA
Penn Lake Park,Pennsylvania,USA
Susquehanna Depot,Pennsylvania,USA
Huntingdon,Pennsylvania,USA
Addison,Pennsylvania,USA
Jessup,Pennsylvania,USA
West Wyoming,Pennsylvania,USA
Pocono Mountain Lake Estates,Pennsylvania,USA
Duncansville,Pennsylvania,USA
Paxtang,Pennsylvania,USA
Monroe,Pennsylvania,USA
Conneaut Lake,Pennsylvania,USA
Plymptonville,Pennsylvania,USA
Malvern,Pennsylvania,USA
Saw Creek,Pennsylvania,USA
Hastings,Pennsylvania,USA
Schuylkill Haven,Pennsylvania,USA
Beaver Springs,Pennsylvania,USA
Bressler,Pennsylvania,USA
Dormont,Pennsylvania,USA
Penn Estates,Pennsylvania,USA
Heidelberg,Pennsylvania,USA
Lumber City,Pennsylvania,USA
Saxton,Pennsylvania,USA
Renovo,Pennsylvania,USA
Dry Tavern,Pennsylvania,USA
Level Green,Pennsylvania,USA
Flourtown,Pennsylvania,USA
Strausstown,Pennsylvania,USA
Rouzerville,Pennsylvania,USA
Blue Bell,Pennsylvania,USA
Hudson,Pennsylvania,USA
Kelayres,Pennsylvania,USA
Folsom,Pennsylvania,USA
Sylvania,Pennsylvania,USA
Timber Hills,Pennsylvania,USA
Ehrenfeld,Pennsylvania,USA
Leesport,Pennsylvania,USA
Bradenville,Pennsylvania,USA
Penn State Erie,Pennsylvania,USA
Star Junction,Pennsylvania,USA
South Renovo,Pennsylvania,USA
Timblin,Pennsylvania,USA
South Connellsville,Pennsylvania,USA
New Salem,Pennsylvania,USA
Rebersburg,Pennsylvania,USA
Oswayo,Pennsylvania,USA
New Jerusalem,Pennsylvania,USA
Westwood,Pennsylvania,USA
Waterford,Pennsylvania,USA
Atlas,Pennsylvania,USA
Lilly,Pennsylvania,USA
Avalon,Pennsylvania,USA
Lansford,Pennsylvania,USA
Baileyville,Pennsylvania,USA
Pocono Ranch Lands,Pennsylvania,USA
Enhaut,Pennsylvania,USA
McMurray,Pennsylvania,USA
Arona,Pennsylvania,USA
Orviston,Pennsylvania,USA
Mount Cobb,Pennsylvania,USA
Ashland,Pennsylvania,USA
Elderton,Pennsylvania,USA
Oval,Pennsylvania,USA
Lake Meade,Pennsylvania,USA
Lima,Pennsylvania,USA
Springdale,Pennsylvania,USA
Butler,Pennsylvania,USA
Emmaus,Pennsylvania,USA
Harveys Lake,Pennsylvania,USA
Northumberland,Pennsylvania,USA
Elizabethville,Pennsylvania,USA
Williamsburg,Pennsylvania,USA
Summit Station,Pennsylvania,USA
Conestoga,Pennsylvania,USA
James City,Pennsylvania,USA
Marienville,Pennsylvania,USA
White Mills,Pennsylvania,USA
Fawn Lake Forest,Pennsylvania,USA
Worthington,Pennsylvania,USA
Union City,Pennsylvania,USA
Fairchance,Pennsylvania,USA
Pottsville,Pennsylvania,USA
Landingville,Pennsylvania,USA
Broad Top City,Pennsylvania,USA
Vintondale,Pennsylvania,USA
Salladasburg,Pennsylvania,USA
Littlestown,Pennsylvania,USA
Little Britain,Pennsylvania,USA
Pitcairn,Pennsylvania,USA
Rew,Pennsylvania,USA
Aliquippa,Pennsylvania,USA
Boothwyn,Pennsylvania,USA
Hunterstown,Pennsylvania,USA
South Bethlehem,Pennsylvania,USA
Philadelphia,Pennsylvania,USA
Blakely,Pennsylvania,USA
Georgetown,Pennsylvania,USA
New Hope,Pennsylvania,USA
Conshohocken,Pennsylvania,USA
Shoemakersville,Pennsylvania,USA
Mount Wolf,Pennsylvania,USA
Patterson Heights,Pennsylvania,USA
Little Meadows,Pennsylvania,USA
Sheatown,Pennsylvania,USA
Dallas,Pennsylvania,USA
Montgomery,Pennsylvania,USA
Atwood,Pennsylvania,USA
East York,Pennsylvania,USA
Callery,Pennsylvania,USA
Fort Loudon,Pennsylvania,USA
Geistown,Pennsylvania,USA
North Braddock,Pennsylvania,USA
Shanksville,Pennsylvania,USA
Sheppton,Pennsylvania,USA
New Cumberland,Pennsylvania,USA
Benton,Pennsylvania,USA
Evansburg,Pennsylvania,USA
Eagleview,Pennsylvania,USA
Progress,Pennsylvania,USA
Millsboro,Pennsylvania,USA
Brentwood,Pennsylvania,USA
East Lansdowne,Pennsylvania,USA
Hopewell,Pennsylvania,USA
Ivyland,Pennsylvania,USA
Ellsworth,Pennsylvania,USA
Dushore,Pennsylvania,USA
Richfield,Pennsylvania,USA
Eldred,Pennsylvania,USA
Beech Mountain Lakes,Pennsylvania,USA
Clifton Heights,Pennsylvania,USA
Lawrenceville,Pennsylvania,USA
Seven Springs,Pennsylvania,USA
Sunbury,Pennsylvania,USA
Foxburg,Pennsylvania,USA
Mifflintown,Pennsylvania,USA
Flying Hills,Pennsylvania,USA
Ravine,Pennsylvania,USA
Weissport East,Pennsylvania,USA
Wagner,Pennsylvania,USA
Bloomfield,Pennsylvania,USA
Ashville,Pennsylvania,USA
New Baltimore,Pennsylvania,USA
Yeagertown,Pennsylvania,USA
Colver,Pennsylvania,USA
New Tripoli,Pennsylvania,USA
Harleysville,Pennsylvania,USA
Cross Creek,Pennsylvania,USA
Halifax,Pennsylvania,USA
Treasure Lake,Pennsylvania,USA
Garrett,Pennsylvania,USA
Beurys Lake,Pennsylvania,USA
Hallstead,Pennsylvania,USA
New Kensington,Pennsylvania,USA
Delaware Water Gap,Pennsylvania,USA
Conway,Pennsylvania,USA
DuBois,Pennsylvania,USA
Penn Wynne,Pennsylvania,USA
Sharpsburg,Pennsylvania,USA
Mount Union,Pennsylvania,USA
Bethel Park,Pennsylvania,USA
Blue Ball,Pennsylvania,USA
Virginville,Pennsylvania,USA
Stony Creek Mills,Pennsylvania,USA
Hershey,Pennsylvania,USA
Dawson,Pennsylvania,USA
Landisburg,Pennsylvania,USA
Christiana,Pennsylvania,USA
Hop Bottom,Pennsylvania,USA
Westfield,Pennsylvania,USA
West York,Pennsylvania,USA
Paris,Pennsylvania,USA
Bryn Mawr,Pennsylvania,USA
Greenock,Pennsylvania,USA
Hartleton,Pennsylvania,USA
Liberty,Pennsylvania,USA
Dauphin,Pennsylvania,USA
Cherry Valley,Pennsylvania,USA
Kistler,Pennsylvania,USA
Midway,Pennsylvania,USA
Exeter,Pennsylvania,USA
East Side,Pennsylvania,USA
Shenandoah Heights,Pennsylvania,USA
Ernest,Pennsylvania,USA
Fayette City,Pennsylvania,USA
Bobtown,Pennsylvania,USA
Alburtis,Pennsylvania,USA
Trevose,Pennsylvania,USA
Stonerstown,Pennsylvania,USA
Roseto,Pennsylvania,USA
Slippery Rock University,Pennsylvania,USA
Elizabeth,Pennsylvania,USA
Lucerne Mines,Pennsylvania,USA
Nanticoke,Pennsylvania,USA
Allison,Pennsylvania,USA
Phoenixville,Pennsylvania,USA
Linesville,Pennsylvania,USA
Eagles Mere,Pennsylvania,USA
Newport,Pennsylvania,USA
Big Beaver,Pennsylvania,USA
Fairdale,Pennsylvania,USA
Uniontown,Pennsylvania,USA
Ambler,Pennsylvania,USA
Coudersport,Pennsylvania,USA
Rose Valley,Pennsylvania,USA
Palmer Heights,Pennsylvania,USA
Moshannon,Pennsylvania,USA
Annville,Pennsylvania,USA
Friedens,Pennsylvania,USA
Grier City,Pennsylvania,USA
New Lebanon,Pennsylvania,USA
Blooming Valley,Pennsylvania,USA
Port Clinton,Pennsylvania,USA
Atkinson Mills,Pennsylvania,USA
Glenolden,Pennsylvania,USA
Norristown,Pennsylvania,USA
DeSales University,Pennsylvania,USA
Lanesboro,Pennsylvania,USA
Lionville,Pennsylvania,USA
Reiffton,Pennsylvania,USA
Conneaut Lakeshore,Pennsylvania,USA
Casselman,Pennsylvania,USA
Halfway House,Pennsylvania,USA
Stillwater,Pennsylvania,USA
Winterstown,Pennsylvania,USA
Pen Mar,Pennsylvania,USA
Bulger,Pennsylvania,USA
West Falls,Pennsylvania,USA
Long Branch,Pennsylvania,USA
Edinboro,Pennsylvania,USA
East Pittsburgh,Pennsylvania,USA
Russellton,Pennsylvania,USA
Pleasant Hills,Pennsylvania,USA
Hermitage,Pennsylvania,USA
Womelsdorf,Pennsylvania,USA
Canonsburg,Pennsylvania,USA
Bowmanstown,Pennsylvania,USA
Donaldson,Pennsylvania,USA
Nanty-Glo,Pennsylvania,USA
Plum,Pennsylvania,USA
Hawk Run,Pennsylvania,USA
Barkeyville,Pennsylvania,USA
Dallastown,Pennsylvania,USA
King of Prussia,Pennsylvania,USA
Bonneauville,Pennsylvania,USA
Claysville,Pennsylvania,USA
South Fork,Pennsylvania,USA
Emigsville,Pennsylvania,USA
Rices Landing,Pennsylvania,USA
Buffington,Pennsylvania,USA
East Freedom,Pennsylvania,USA
Saegertown,Pennsylvania,USA
Pennside,Pennsylvania,USA
Marion,Pennsylvania,USA
Holiday Pocono,Pennsylvania,USA
Springboro,Pennsylvania,USA
Bedford,Pennsylvania,USA
West Sunbury,Pennsylvania,USA
Waynesboro,Pennsylvania,USA
Dublin,Pennsylvania,USA
Edwardsville,Pennsylvania,USA
Seward,Pennsylvania,USA
Emerald Lakes,Pennsylvania,USA
Russell,Pennsylvania,USA
Athens,Pennsylvania,USA
Milford,Pennsylvania,USA
Roscoe,Pennsylvania,USA
Sugar Grove,Pennsylvania,USA
Sutersville,Pennsylvania,USA
Kenmar,Pennsylvania,USA
Chalfant,Pennsylvania,USA
New Oxford,Pennsylvania,USA
Quakertown,Pennsylvania,USA
Fleetwood,Pennsylvania,USA
Meadville,Pennsylvania,USA
St. Clair,Pennsylvania,USA
Warminster Heights,Pennsylvania,USA
Meridian,Pennsylvania,USA
Forest City,Pennsylvania,USA
Bath,Pennsylvania,USA
Belle Vernon,Pennsylvania,USA
Kenilworth,Pennsylvania,USA
East Earl,Pennsylvania,USA
Intercourse,Pennsylvania,USA
Oklahoma,Pennsylvania,USA
Church Hill,Pennsylvania,USA
Summerhill,Pennsylvania,USA
Arendtsville,Pennsylvania,USA
East Washington,Pennsylvania,USA
Sharpsville,Pennsylvania,USA
Shartlesville,Pennsylvania,USA
Flemington,Pennsylvania,USA
Indian Mountain Lake,Pennsylvania,USA
Milton,Pennsylvania,USA
Wellsville,Pennsylvania,USA
Speers,Pennsylvania,USA
Wyomissing,Pennsylvania,USA
Table Rock,Pennsylvania,USA
West Mifflin,Pennsylvania,USA
Nazareth,Pennsylvania,USA
McKees Rocks,Pennsylvania,USA
Indian Lake,Pennsylvania,USA
Rennerdale,Pennsylvania,USA
Troy,Pennsylvania,USA
Wilburton Number One,Pennsylvania,USA
Port Allegany,Pennsylvania,USA
Spring Mount,Pennsylvania,USA
Hiller,Pennsylvania,USA
Homestead,Pennsylvania,USA
Boalsburg,Pennsylvania,USA
Smethport,Pennsylvania,USA
Elysburg,Pennsylvania,USA
Knoxville,Pennsylvania,USA
Monongahela,Pennsylvania,USA
Polk,Pennsylvania,USA
Howard,Pennsylvania,USA
Bird-in-Hand,Pennsylvania,USA
Penryn,Pennsylvania,USA
Arnold,Pennsylvania,USA
North Irwin,Pennsylvania,USA
Elgin,Pennsylvania,USA
Centerville,Pennsylvania,USA
Oakwood,Pennsylvania,USA
Sewickley,Pennsylvania,USA
Sierra View,Pennsylvania,USA
Ramblewood,Pennsylvania,USA
Rehrersburg,Pennsylvania,USA
South Williamsport,Pennsylvania,USA
West Milton,Pennsylvania,USA
Baldwin,Pennsylvania,USA
Petrolia,Pennsylvania,USA
Dalmatia,Pennsylvania,USA
Washingtonville,Pennsylvania,USA
South Pottstown,Pennsylvania,USA
Braddock,Pennsylvania,USA
Grove City,Pennsylvania,USA
Dunbar,Pennsylvania,USA
Dudley,Pennsylvania,USA
Woodland Heights,Pennsylvania,USA
Sinking Spring,Pennsylvania,USA
Grantley,Pennsylvania,USA
Stormstown,Pennsylvania,USA
Lorain,Pennsylvania,USA
Grindstone,Pennsylvania,USA
Mount Oliver,Pennsylvania,USA
Corsica,Pennsylvania,USA
West Homestead,Pennsylvania,USA
Aldan,Pennsylvania,USA
Richlandtown,Pennsylvania,USA
Tipton,Pennsylvania,USA
Rohrsburg,Pennsylvania,USA
Noxen,Pennsylvania,USA
Village Shires,Pennsylvania,USA
Rouseville,Pennsylvania,USA
Dorneyville,Pennsylvania,USA
Middleburg,Pennsylvania,USA
Carnegie,Pennsylvania,USA
Almedia,Pennsylvania,USA
Jerome,Pennsylvania,USA
Farmington,Pennsylvania,USA
East Brady,Pennsylvania,USA
Edgeworth,Pennsylvania,USA
Union Dale,Pennsylvania,USA
Blanchard,Pennsylvania,USA
Hughestown,Pennsylvania,USA
Beaver Meadows,Pennsylvania,USA
Eastvale,Pennsylvania,USA
Greenville,Pennsylvania,USA
Oreland,Pennsylvania,USA
Red Hill,Pennsylvania,USA
North Catasauqua,Pennsylvania,USA
Rothsville,Pennsylvania,USA
Orchard Hills,Pennsylvania,USA
Hawley,Pennsylvania,USA
Clearfield,Pennsylvania,USA
Enon Valley,Pennsylvania,USA
Selinsgrove,Pennsylvania,USA
Langhorne,Pennsylvania,USA
Port Matilda,Pennsylvania,USA
Valley Green,Pennsylvania,USA
Bear Creek Village,Pennsylvania,USA
South Uniontown,Pennsylvania,USA
West Wyomissing,Pennsylvania,USA
Mapleton,Pennsylvania,USA
Stiles,Pennsylvania,USA
Dickson City,Pennsylvania,USA
Weatherly,Pennsylvania,USA
State College,Pennsylvania,USA
Wakefield,Pennsylvania,USA
Paradise,Pennsylvania,USA
Lampeter,Pennsylvania,USA
Ebensburg,Pennsylvania,USA
Mount Pleasant,Pennsylvania,USA
Paint,Pennsylvania,USA
Shavertown,Pennsylvania,USA
St. Clairsville,Pennsylvania,USA
Muhlenberg Park,Pennsylvania,USA
Salunga,Pennsylvania,USA
Wilson,Pennsylvania,USA
Rochester,Pennsylvania,USA
Fairhope,Pennsylvania,USA
Gilbertsville,Pennsylvania,USA
Glen Lyon,Pennsylvania,USA
Valley-Hi,Pennsylvania,USA
Latrobe,Pennsylvania,USA
Hydetown,Pennsylvania,USA
Derry,Pennsylvania,USA
Ridley Park,Pennsylvania,USA
Ellport,Pennsylvania,USA
New Galilee,Pennsylvania,USA
Mertztown,Pennsylvania,USA
West Easton,Pennsylvania,USA
Philipsburg,Pennsylvania,USA
Raubsville,Pennsylvania,USA
Rossiter,Pennsylvania,USA
Everson,Pennsylvania,USA
Mount Carbon,Pennsylvania,USA
Spring House,Pennsylvania,USA
Langhorne Manor,Pennsylvania,USA
Montandon,Pennsylvania,USA
Fox Chapel,Pennsylvania,USA
Hulmeville,Pennsylvania,USA
Kerrtown,Pennsylvania,USA
Tunnelhill,Pennsylvania,USA
Chicora,Pennsylvania,USA
New Washington,Pennsylvania,USA
Great Bend,Pennsylvania,USA
Churchill,Pennsylvania,USA
Lincoln Park,Pennsylvania,USA
Montrose Manor,Pennsylvania,USA
Manheim,Pennsylvania,USA
Slickville,Pennsylvania,USA
New Columbus,Pennsylvania,USA
Waymart,Pennsylvania,USA
Jacksonville,Pennsylvania,USA
Marlin,Pennsylvania,USA
West Hazleton,Pennsylvania,USA
Kutztown University,Pennsylvania,USA
New Milford,Pennsylvania,USA
Parkesburg,Pennsylvania,USA
Fredericktown,Pennsylvania,USA
Kylertown,Pennsylvania,USA
Fallston,Pennsylvania,USA
Fairfield,Pennsylvania,USA
Atlasburg,Pennsylvania,USA
Walnutport,Pennsylvania,USA
Lenape Heights,Pennsylvania,USA
Birchwood Lakes,Pennsylvania,USA
East Rochester,Pennsylvania,USA
Parkville,Pennsylvania,USA
Murrysville,Pennsylvania,USA
Spring Ridge,Pennsylvania,USA
Delta,Pennsylvania,USA
Connoquenessing,Pennsylvania,USA
Export,Pennsylvania,USA
Claysburg,Pennsylvania,USA
Sligo,Pennsylvania,USA
West View,Pennsylvania,USA
Dale,Pennsylvania,USA
Saltsburg,Pennsylvania,USA
Lake Winola,Pennsylvania,USA
Belmont,Pennsylvania,USA
Westmont,Pennsylvania,USA
Lake Arthur Estates,Pennsylvania,USA
Tarentum,Pennsylvania,USA
Enlow,Pennsylvania,USA
Brisbin,Pennsylvania,USA
Terre Hill,Pennsylvania,USA
Vandling,Pennsylvania,USA
Hasson Heights,Pennsylvania,USA
Refton,Pennsylvania,USA
Naomi,Pennsylvania,USA
Millvale,Pennsylvania,USA
Oakmont,Pennsylvania,USA
Glassport,Pennsylvania,USA
Burgettstown,Pennsylvania,USA
Egypt,Pennsylvania,USA
Pikes Creek,Pennsylvania,USA
Delano,Pennsylvania,USA
Mifflinburg,Pennsylvania,USA
Edgewood,Pennsylvania,USA
Northwood,Pennsylvania,USA
Catasauqua,Pennsylvania,USA
Bryn Athyn,Pennsylvania,USA
Freedom,Pennsylvania,USA
Campbelltown,Pennsylvania,USA
Baidland,Pennsylvania,USA
Wampum,Pennsylvania,USA
Woxall,Pennsylvania,USA
Hartstown,Pennsylvania,USA
Rutledge,Pennsylvania,USA
Chapman,Pennsylvania,USA
Kennett Square,Pennsylvania,USA
Elim,Pennsylvania,USA
Green Lane,Pennsylvania,USA
Berwyn,Pennsylvania,USA
Moosic,Pennsylvania,USA
Drexel Hill,Pennsylvania,USA
Edie,Pennsylvania,USA
Briar Creek,Pennsylvania,USA
Chevy Chase Heights,Pennsylvania,USA
East Butler,Pennsylvania,USA
York,Pennsylvania,USA
St. Lawrence,Pennsylvania,USA
New Philadelphia,Pennsylvania,USA
Morrisville,Pennsylvania,USA
Jim Thorpe,Pennsylvania,USA
West Middlesex,Pennsylvania,USA
Bear Rocks,Pennsylvania,USA
Frystown,Pennsylvania,USA
Hopwood,Pennsylvania,USA
Kutztown,Pennsylvania,USA
New Eagle,Pennsylvania,USA
Millerstown,Pennsylvania,USA
Wayne Heights,Pennsylvania,USA
West Reading,Pennsylvania,USA
Madisonburg,Pennsylvania,USA
Avonmore,Pennsylvania,USA
Kratzerville,Pennsylvania,USA
Barrville,Pennsylvania,USA
Catawissa,Pennsylvania,USA
Ellwood City,Pennsylvania,USA
Chalkhill,Pennsylvania,USA
Mechanicsburg,Pennsylvania,USA
McKnightstown,Pennsylvania,USA
New Morgan,Pennsylvania,USA
Avon,Pennsylvania,USA
Sandy Ridge,Pennsylvania,USA
Wall,Pennsylvania,USA
Northwest Harborcreek,Pennsylvania,USA
Wickerham Manor-Fisher,Pennsylvania,USA
Lansdale,Pennsylvania,USA
Harmonsburg,Pennsylvania,USA
Liverpool,Pennsylvania,USA
Baumstown,Pennsylvania,USA
Stroudsburg,Pennsylvania,USA
Utica,Pennsylvania,USA
Sunrise Lake,Pennsylvania,USA
Oneida,Pennsylvania,USA
Forty Fort,Pennsylvania,USA
Conyngham,Pennsylvania,USA
Heilwood,Pennsylvania,USA
Topton,Pennsylvania,USA
Sanatoga,Pennsylvania,USA
Knox,Pennsylvania,USA
Point Marion,Pennsylvania,USA
Lansdowne,Pennsylvania,USA
Blandon,Pennsylvania,USA
New Britain,Pennsylvania,USA
Galeton,Pennsylvania,USA
Stewartstown,Pennsylvania,USA
Pottstown,Pennsylvania,USA
Palmdale,Pennsylvania,USA
Eastlawn Gardens,Pennsylvania,USA
Brodheadsville,Pennsylvania,USA
Greensboro,Pennsylvania,USA
St. Marys,Pennsylvania,USA
S.N.P.J.,Pennsylvania,USA
Fort Indiantown Gap,Pennsylvania,USA
Ephrata,Pennsylvania,USA
Canadohta Lake,Pennsylvania,USA
Mahanoy City,Pennsylvania,USA
Centerport,Pennsylvania,USA
Seven Fields,Pennsylvania,USA
Laceyville,Pennsylvania,USA
Hopeland,Pennsylvania,USA
Gap,Pennsylvania,USA
Woodbourne,Pennsylvania,USA
Hope Valley,Rhode Island,USA
Watch Hill,Rhode Island,USA
Carolina,Rhode Island,USA
Central Falls,Rhode Island,USA
Quonochontaug,Rhode Island,USA
Clayville,Rhode Island,USA
Newport,Rhode Island,USA
Melville,Rhode Island,USA
Wyoming,Rhode Island,USA
Wakefield-Peacedale,Rhode Island,USA
East Providence,Rhode Island,USA
Misquamicut,Rhode Island,USA
Greene,Rhode Island,USA
Greenville,Rhode Island,USA
Providence,Rhode Island,USA
Cranston,Rhode Island,USA
Harrisville,Rhode Island,USA
Cumberland Hill,Rhode Island,USA
Valley Falls,Rhode Island,USA
Pascoag,Rhode Island,USA
Warwick,Rhode Island,USA
Bradford,Rhode Island,USA
Kingston,Rhode Island,USA
Weekapaug,Rhode Island,USA
Chepachet,Rhode Island,USA
Woonsocket,Rhode Island,USA
Pawtucket,Rhode Island,USA
Ashaway,Rhode Island,USA
Harmony,Rhode Island,USA
Foster Center,Rhode Island,USA
Narragansett Pier,Rhode Island,USA
Newport East,Rhode Island,USA
Lamoille,Nevada,USA
Humboldt River Ranch,Nevada,USA
Henderson,Nevada,USA
Minden,Nevada,USA
North Las Vegas,Nevada,USA
Gerlach,Nevada,USA
Pioche,Nevada,USA
Crescent Valley,Nevada,USA
Goodsprings,Nevada,USA
Fish Springs,Nevada,USA
Paradise Valley,Nevada,USA
Fort McDermitt,Nevada,USA
Winnemucca,Nevada,USA
Zephyr Cove,Nevada,USA
Oasis,Nevada,USA
Walker Lake,Nevada,USA
Panaca,Nevada,USA
Cal-Nev-Ari,Nevada,USA
Moapa Town,Nevada,USA
Searchlight,Nevada,USA
Incline Village,Nevada,USA
Gabbs,Nevada,USA
Enterprise,Nevada,USA
Ursine,Nevada,USA
Gardnerville,Nevada,USA
West Wendover,Nevada,USA
Bennett Springs,Nevada,USA
Logan Creek,Nevada,USA
Topaz Lake,Nevada,USA
Ruhenstroth,Nevada,USA
Owyhee,Nevada,USA
Virginia City,Nevada,USA
Gardnerville Ranchos,Nevada,USA
Genoa,Nevada,USA
Cold Springs,Nevada,USA
Schurz,Nevada,USA
Paradise,Nevada,USA
Golden Valley,Nevada,USA
Fallon Station,Nevada,USA
Beatty,Nevada,USA
Round Hill Village,Nevada,USA
Silver City,Nevada,USA
Austin,Nevada,USA
Rachel,Nevada,USA
Washoe Valley,Nevada,USA
Hiko,Nevada,USA
Mina,Nevada,USA
Preston,Nevada,USA
Summerlin South,Nevada,USA
Reno,Nevada,USA
Mesquite,Nevada,USA
Spring Valley,Nevada,USA
Spanish Springs,Nevada,USA
McGill,Nevada,USA
Dayton,Nevada,USA
Wells,Nevada,USA
Spring Creek,Nevada,USA
Osino,Nevada,USA
Laughlin,Nevada,USA
Sparks,Nevada,USA
Tonopah,Nevada,USA
Battle Mountain,Nevada,USA
Topaz Ranch Estates,Nevada,USA
Silver Springs,Nevada,USA
Blue Diamond,Nevada,USA
Imlay,Nevada,USA
Lovelock,Nevada,USA
Jackpot,Nevada,USA
Unionville,Nevada,USA
Glenbrook,Nevada,USA
Montello,Nevada,USA
Sutcliffe,Nevada,USA
Las Vegas,Nevada,USA
McDermitt,Nevada,USA
Denio,Nevada,USA
Lemmon Valley,Nevada,USA
Golconda,Nevada,USA
Mount Charleston,Nevada,USA
Smith Valley,Nevada,USA
Ely,Nevada,USA
Bunkerville,Nevada,USA
Moapa Valley,Nevada,USA
Kingston,Nevada,USA
Whitney,Nevada,USA
Mogul,Nevada,USA
Fallon,Nevada,USA
Sandy Valley,Nevada,USA
Fernley,Nevada,USA
Sunrise Manor,Nevada,USA
Crystal Bay,Nevada,USA
Kingsbury,Nevada,USA
Skyland,Nevada,USA
Dry Valley,Nevada,USA
Ruth,Nevada,USA
Nellis AFB,Nevada,USA
Indian Springs,Nevada,USA
Eureka,Nevada,USA
Caliente,Nevada,USA
Yerington,Nevada,USA
Lakeridge,Nevada,USA
Empire,Nevada,USA
Johnson Lane,Nevada,USA
Winchester,Nevada,USA
Sun Valley,Nevada,USA
Carter Springs,Nevada,USA
Alamo,Nevada,USA
Stateline,Nevada,USA
Stagecoach,Nevada,USA
Elko,Nevada,USA
Valmy,Nevada,USA
Pahrump,Nevada,USA
Hawthorne,Nevada,USA
Silver Peak,Nevada,USA
Nixon,Nevada,USA
Lund,Nevada,USA
Wadsworth,Nevada,USA
Double Spring,Nevada,USA
Mount Wilson,Nevada,USA
East Valley,Nevada,USA
Grass Valley,Nevada,USA
Verdi,Nevada,USA
Indian Hills,Nevada,USA
Goldfield,Nevada,USA
Orovada,Nevada,USA
Nelson,Nevada,USA
Carson City,Nevada,USA
Beaverdam,Nevada,USA
Boulder City,Nevada,USA
Baker,Nevada,USA
Carlin,Nevada,USA
Dyer,Nevada,USA
Dale City,Virginia,USA
County Center,Virginia,USA
Lakeside,Virginia,USA
Montvale,Virginia,USA
Sanford,Virginia,USA
Riner,Virginia,USA
Mount Jackson,Virginia,USA
Lee Mont,Virginia,USA
Quinby,Virginia,USA
Round Hill,Virginia,USA
Burke,Virginia,USA
Fairfax,Virginia,USA
Clover,Virginia,USA
Hollymead,Virginia,USA
Galax,Virginia,USA
Franklin Farm,Virginia,USA
Haymarket,Virginia,USA
South Run,Virginia,USA
Loch Lomond,Virginia,USA
Central Garage,Virginia,USA
Westlake Corner,Virginia,USA
Blue Ridge,Virginia,USA
Pound,Virginia,USA
Ebony,Virginia,USA
Cana,Virginia,USA
Allisonia,Virginia,USA
Fieldale,Virginia,USA
Hurt,Virginia,USA
Boyce,Virginia,USA
St. Paul,Virginia,USA
Iron Gate,Virginia,USA
Waverly,Virginia,USA
Temperanceville,Virginia,USA
Rose Hill,Virginia,USA
Scottsburg,Virginia,USA
Cape Charles,Virginia,USA
Damascus,Virginia,USA
Buckhall,Virginia,USA
Enon,Virginia,USA
Richlands,Virginia,USA
Meadowbrook,Virginia,USA
Rushmere,Virginia,USA
Bracey,Virginia,USA
Onley,Virginia,USA
Concord,Virginia,USA
Appomattox,Virginia,USA
Portsmouth,Virginia,USA
Smithfield,Virginia,USA
Claypool Hill,Virginia,USA
Tazewell,Virginia,USA
Kenbridge,Virginia,USA
Thynedale,Virginia,USA
Crimora,Virginia,USA
Madison Heights,Virginia,USA
Dryden,Virginia,USA
Brambleton,Virginia,USA
Catlett,Virginia,USA
Emporia,Virginia,USA
Cascades,Virginia,USA
Stuarts Draft,Virginia,USA
Danville,Virginia,USA
Hayfield,Virginia,USA
Cloverdale,Virginia,USA
Chilhowie,Virginia,USA
Fort Lee,Virginia,USA
Big Stone Gap,Virginia,USA
Belle Haven,Virginia,USA
Boston,Virginia,USA
Onancock,Virginia,USA
Marumsco,Virginia,USA
Lake Wilderness,Virginia,USA
Timberlake,Virginia,USA
Blairs,Virginia,USA
East Highland Park,Virginia,USA
Crosspointe,Virginia,USA
Radford,Virginia,USA
Aquia Harbour,Virginia,USA
Louisa,Virginia,USA
Heathsville,Virginia,USA
Stanardsville,Virginia,USA
Vinton,Virginia,USA
Deerfield,Virginia,USA
Altavista,Virginia,USA
Glen Allen,Virginia,USA
Wytheville,Virginia,USA
Bluefield,Virginia,USA
Chesapeake,Virginia,USA
Wintergreen,Virginia,USA
Boykins,Virginia,USA
Snowville,Virginia,USA
Free Union,Virginia,USA
Sandston,Virginia,USA
Falmouth,Virginia,USA
Horntown,Virginia,USA
Colonial Beach,Virginia,USA
Woodlawn,Virginia,USA
Churchville,Virginia,USA
Whitesville,Virginia,USA
Laurel Park,Virginia,USA
Apple Mountain Lake,Virginia,USA
Boones Mill,Virginia,USA
Belmont Estates,Virginia,USA
Keokee,Virginia,USA
Kings Park,Virginia,USA
Wyndham,Virginia,USA
Fairlawn,Virginia,USA
Warsaw,Virginia,USA
Sussex,Virginia,USA
Timberville,Virginia,USA
Bensley,Virginia,USA
Edinburg,Virginia,USA
Elliston,Virginia,USA
Colonial Heights,Virginia,USA
Toms Brook,Virginia,USA
Riverdale,Virginia,USA
Quantico Base,Virginia,USA
Oak Level,Virginia,USA
Gretna,Virginia,USA
Clarksville,Virginia,USA
Horse Pasture,Virginia,USA
Chincoteague,Virginia,USA
Lake Caroline,Virginia,USA
Hot Springs,Virginia,USA
Cheriton,Virginia,USA
Eastville,Virginia,USA
Marshall,Virginia,USA
Moorefield Station,Virginia,USA
Chase Crossing,Virginia,USA
Dulles Town Center,Virginia,USA
New Castle,Virginia,USA
Yorktown,Virginia,USA
Dante,Virginia,USA
Port Royal,Virginia,USA
Basye,Virginia,USA
Glade Spring,Virginia,USA
St. Charles,Virginia,USA
Urbanna,Virginia,USA
Seven Corners,Virginia,USA
Riverview,Virginia,USA
George Mason,Virginia,USA
Culpeper,Virginia,USA
Troutdale,Virginia,USA
Stephens City,Virginia,USA
Drakes Branch,Virginia,USA
Jonesville,Virginia,USA
Wolf Trap,Virginia,USA
Marion,Virginia,USA
Long Branch,Virginia,USA
Mount Sidney,Virginia,USA
Harrisonburg,Virginia,USA
Floris,Virginia,USA
New Market,Virginia,USA
Wakefield,Virginia,USA
Ivanhoe,Virginia,USA
North Springfield,Virginia,USA
Manchester,Virginia,USA
Lowes Island,Virginia,USA
Laymantown,Virginia,USA
Sperryville,Virginia,USA
Gate City,Virginia,USA
Waynesboro,Virginia,USA
Montclair,Virginia,USA
Dublin,Virginia,USA
Camptown,Virginia,USA
Tasley,Virginia,USA
Cats Bridge,Virginia,USA
Jarratt,Virginia,USA
Franklin,Virginia,USA
Hillsboro,Virginia,USA
Merrimac,Virginia,USA
Bloxom,Virginia,USA
New Baltimore,Virginia,USA
Farmville,Virginia,USA
Sugar Grove,Virginia,USA
McLean,Virginia,USA
Springfield,Virginia,USA
Warm Springs,Virginia,USA
Leesburg,Virginia,USA
Woodburn,Virginia,USA
Lyndhurst,Virginia,USA
Carrollton,Virginia,USA
Fairview Beach,Virginia,USA
Sudley,Virginia,USA
Virgilina,Virginia,USA
Newport News,Virginia,USA
Yorkshire,Virginia,USA
Kings Park West,Virginia,USA
Surry,Virginia,USA
Hamilton,Virginia,USA
Nelsonia,Virginia,USA
Lorton,Virginia,USA
Pantops,Virginia,USA
Clifton Forge,Virginia,USA
Sherando,Virginia,USA
Crewe,Virginia,USA
Lake Ridge,Virginia,USA
New Church,Virginia,USA
Daleville,Virginia,USA
Bealeton,Virginia,USA
Arcola,Virginia,USA
Phenix,Virginia,USA
Lake Barcroft,Virginia,USA
Callaghan,Virginia,USA
Shenandoah Retreat,Virginia,USA
Manassas,Virginia,USA
Vienna,Virginia,USA
Amherst,Virginia,USA
Falls Church,Virginia,USA
Nokesville,Virginia,USA
Linton Hall,Virginia,USA
Mount Crawford,Virginia,USA
Middletown,Virginia,USA
Jolivue,Virginia,USA
Verona,Virginia,USA
Woodstock,Virginia,USA
Atlantic,Virginia,USA
Tangier,Virginia,USA
Palmyra,Virginia,USA
Prince George,Virginia,USA
Narrows,Virginia,USA
Greenbriar,Virginia,USA
Fairview,Virginia,USA
Idylwood,Virginia,USA
Ettrick,Virginia,USA
Potomac Mills,Virginia,USA
Hampden-Sydney,Virginia,USA
Cherry Hill,Virginia,USA
Nickelsville,Virginia,USA
Shenandoah Shores,Virginia,USA
Patrick Springs,Virginia,USA
Parksley,Virginia,USA
Stanley,Virginia,USA
Madison,Virginia,USA
Herndon,Virginia,USA
Rich Creek,Virginia,USA
Saltville,Virginia,USA
Oak Hall,Virginia,USA
Buena Vista,Virginia,USA
Gwynn,Virginia,USA
Bethel Manor,Virginia,USA
Dumfries,Virginia,USA
Haysi,Virginia,USA
Piney Mountain,Virginia,USA
Hillsville,Virginia,USA
Gasburg,Virginia,USA
Broadlands,Virginia,USA
Washington,Virginia,USA
Front Royal,Virginia,USA
Shawneeland,Virginia,USA
Ivy,Virginia,USA
Buckingham Courthouse,Virginia,USA
Maurertown,Virginia,USA
Berryville,Virginia,USA
Atkins,Virginia,USA
Short Pump,Virginia,USA
Blue Ridge Shores,Virginia,USA
Tuckahoe,Virginia,USA
Quantico,Virginia,USA
Lafayette,Virginia,USA
Crozet,Virginia,USA
Lebanon,Virginia,USA
Skyland Estates,Virginia,USA
Sandy Level,Virginia,USA
Boydton,Virginia,USA
Saluda,Virginia,USA
Union Hall,Virginia,USA
Union Level,Virginia,USA
Nassawadox,Virginia,USA
Sugarland Run,Virginia,USA
Loudoun Valley Estates,Virginia,USA
Woodbridge,Virginia,USA
Hanover,Virginia,USA
Ewing,Virginia,USA
Ruckersville,Virginia,USA
Honaker,Virginia,USA
Abingdon,Virginia,USA
Collinsville,Virginia,USA
Salem,Virginia,USA
Middleburg,Virginia,USA
Burke Centre,Virginia,USA
Merrifield,Virginia,USA
Fishersville,Virginia,USA
Benns Church,Virginia,USA
Gordonsville,Virginia,USA
Bassett,Virginia,USA
Occoquan,Virginia,USA
Goochland,Virginia,USA
Alberta,Virginia,USA
Southside Chesconessex,Virginia,USA
Hollins,Virginia,USA
Dillwyn,Virginia,USA
Norfolk,Virginia,USA
Metompkin,Virginia,USA
Warrenton,Virginia,USA
Purcellville,Virginia,USA
Greenville,Virginia,USA
Lovingston,Virginia,USA
Glenvar,Virginia,USA
Roanoke,Virginia,USA
Chase City,Virginia,USA
Alexandria,Virginia,USA
Courtland,Virginia,USA
Grundy,Virginia,USA
Irvington,Virginia,USA
Deltaville,Virginia,USA
Villa Heights,Virginia,USA
Weber City,Virginia,USA
Floyd,Virginia,USA
Bedford,Virginia,USA
Scottsville,Virginia,USA
Max Meadows,Virginia,USA
Staunton,Virginia,USA
Yogaville,Virginia,USA
Countryside,Virginia,USA
Melfa,Virginia,USA
Harriston,Virginia,USA
Gratton,Virginia,USA
Lake Monticello,Virginia,USA
Broadway,Virginia,USA
Dahlgren,Virginia,USA
Powhatan,Virginia,USA
Pastoria,Virginia,USA
Charlottesville,Virginia,USA
Grottoes,Virginia,USA
Motley,Virginia,USA
Charles City,Virginia,USA
Adwolf,Virginia,USA
Bowling Green,Virginia,USA
Fairfax Station,Virginia,USA
Lovettsville,Virginia,USA
Stone Ridge,Virginia,USA
Flint Hill,Virginia,USA
Windsor,Virginia,USA
Newington,Virginia,USA
Bland,Virginia,USA
Poquoson,Virginia,USA
Arlington,Virginia,USA
Wattsville,Virginia,USA
West Springfield,Virginia,USA
Draper,Virginia,USA
Kingstowne,Virginia,USA
Bobtown,Virginia,USA
Nathalie,Virginia,USA
Newsoms,Virginia,USA
Mount Hermon,Virginia,USA
Scotland,Virginia,USA
Dayton,Virginia,USA
Neabsco,Virginia,USA
Deep Creek,Virginia,USA
Carrsville,Virginia,USA
Fort Belvoir,Virginia,USA
McKenney,Virginia,USA
Stony Creek,Virginia,USA
Rockwood,Virginia,USA
Coeburn,Virginia,USA
Nottoway Court House,Virginia,USA
Middlebrook,Virginia,USA
Newington Forest,Virginia,USA
Amelia Court House,Virginia,USA
Matoaca,Virginia,USA
West Point,Virginia,USA
Annandale,Virginia,USA
Mappsburg,Virginia,USA
Bridgewater,Virginia,USA
Brandermill,Virginia,USA
New River,Virginia,USA
Arrington,Virginia,USA
Esmont,Virginia,USA
Laurel,Virginia,USA
Clinchco,Virginia,USA
Henry Fork,Virginia,USA
Sterling,Virginia,USA
Harborton,Virginia,USA
Cluster Springs,Virginia,USA
Bellwood,Virginia,USA
Warfield,Virginia,USA
Hallwood,Virginia,USA
Chester,Virginia,USA
West Falls Church,Virginia,USA
Laurel Hill,Virginia,USA
Dungannon,Virginia,USA
Templeton,Virginia,USA
Belmont,Virginia,USA
Keysville,Virginia,USA
Clinchport,Virginia,USA
Brodnax,Virginia,USA
Savage Town,Virginia,USA
White Stone,Virginia,USA
Hybla Valley,Virginia,USA
Selma,Virginia,USA
Meadow View,Virginia,USA
Gloucester Point,Virginia,USA
Buchanan,Virginia,USA
Lunenburg,Virginia,USA
Suffolk,Virginia,USA
Strasburg,Virginia,USA
Shenandoah Farms,Virginia,USA
Pimmit Hills,Virginia,USA
Modest Town,Virginia,USA
King George,Virginia,USA
La Crosse,Virginia,USA
Gloucester Courthouse,Virginia,USA
Bailey's Crossroads,Virginia,USA
Appalachia,Virginia,USA
Highland Springs,Virginia,USA
Chantilly,Virginia,USA
Victoria,Virginia,USA
Franconia,Virginia,USA
Stuart,Virginia,USA
Fredericksburg,Virginia,USA
Pungoteague,Virginia,USA
Mineral,Virginia,USA
Oakton,Virginia,USA
Fries,Virginia,USA
University Center,Virginia,USA
Calverton,Virginia,USA
Lake Land'Or,Virginia,USA
Mappsville,Virginia,USA
Fair Oaks,Virginia,USA
Gainesville,Virginia,USA
Lake of the Woods,Virginia,USA
Augusta Springs,Virginia,USA
Savageville,Virginia,USA
Shenandoah,Virginia,USA
Monterey,Virginia,USA
Fancy Gap,Virginia,USA
Chatmoss,Virginia,USA
Independence,Virginia,USA
Greenbush,Virginia,USA
Duffield,Virginia,USA
Hampton,Virginia,USA
Sedley,Virginia,USA
University of Virginia,Virginia,USA
McMullin,Virginia,USA
South Boston,Virginia,USA
Reston,Virginia,USA
Southern Gateway,Virginia,USA
Oak Grove,Virginia,USA
Shawsville,Virginia,USA
Pearisburg,Virginia,USA
Charlotte Court House,Virginia,USA
Lincolnia,Virginia,USA
Tappahannock,Virginia,USA
Richmond,Virginia,USA
Twin Lakes,Virginia,USA
Spotsylvania Courthouse,Virginia,USA
Cumberland,Virginia,USA
Pennington Gap,Virginia,USA
Martinsville,Virginia,USA
Rustburg,Virginia,USA
Ashland,Virginia,USA
Massanetta Springs,Virginia,USA
Gargatha,Virginia,USA
Luray,Virginia,USA
Covington,Virginia,USA
South Riding,Virginia,USA
Pocahontas,Virginia,USA
Pamplin City,Virginia,USA
Weyers Cave,Virginia,USA
Woodlake,Virginia,USA
Brookneal,Virginia,USA
Blacksburg,Virginia,USA
Mason Neck,Virginia,USA
Bull Run,Virginia,USA
Triangle,Virginia,USA
Williamsburg,Virginia,USA
Forest,Virginia,USA
Capron,Virginia,USA
Mount Vernon,Virginia,USA
Burkeville,Virginia,USA
Petersburg,Virginia,USA
Rural Retreat,Virginia,USA
Dendron,Virginia,USA
Dunn Loring,Virginia,USA
Goshen,Virginia,USA
Dooms,Virginia,USA
Cedar Bluff,Virginia,USA
Shipman,Virginia,USA
Cave Spring,Virginia,USA
Fincastle,Virginia,USA
Orange,Virginia,USA
Bon Air,Virginia,USA
Belview,Virginia,USA
Passapatanzy,Virginia,USA
Lynchburg,Virginia,USA
South Hill,Virginia,USA
The Plains,Virginia,USA
Ivor,Virginia,USA
Exmore,Virginia,USA
Plum Creek,Virginia,USA
Stafford Courthouse,Virginia,USA
Norton,Virginia,USA
New Hope,Virginia,USA
Ashburn,Virginia,USA
Clintwood,Virginia,USA
Prices Fork,Virginia,USA
Parrott,Virginia,USA
Wachapreague,Virginia,USA
Keller,Virginia,USA
Brightwood,Virginia,USA
New Kent,Virginia,USA
Pulaski,Virginia,USA
Lancaster,Virginia,USA
Claremont,Virginia,USA
Mantua,Virginia,USA
Pembroke,Virginia,USA
Nellysford,Virginia,USA
Chester Gap,Virginia,USA
North Shore,Virginia,USA
Fort Hunt,Virginia,USA
Baskerville,Virginia,USA
Fort Chiswell,Virginia,USA
Kilmarnock,Virginia,USA
Wise,Virginia,USA
McNair,Virginia,USA
Dranesville,Virginia,USA
Glasgow,Virginia,USA
Low Moor,Virginia,USA
Vansant,Virginia,USA
Innsbrook,Virginia,USA
Craigsville,Virginia,USA
Chamberlayne,Virginia,USA
Saxis,Virginia,USA
Manassas Park,Virginia,USA
Hopewell,Virginia,USA
Bristol,Virginia,USA
Midland,Virginia,USA
Troutville,Virginia,USA
Stanleytown,Virginia,USA
Mathews,Virginia,USA
Virginia Beach,Virginia,USA
Painter,Virginia,USA
Lexington,Virginia,USA
Christiansburg,Virginia,USA
Glen Lyn,Virginia,USA
Lawrenceville,Virginia,USA
Rivanna,Virginia,USA
Belspring,Virginia,USA
Great Falls,Virginia,USA
Ravensworth,Virginia,USA
Bayside,Virginia,USA
Ferrum,Virginia,USA
Columbia,Virginia,USA
Lake Holiday,Virginia,USA
Makemie Park,Virginia,USA
Ridgeway,Virginia,USA
Massanutten,Virginia,USA
Branchville,Virginia,USA
Independent Hill,Virginia,USA
Winchester,Virginia,USA
Centreville,Virginia,USA
Raven,Virginia,USA
Remington,Virginia,USA
Bull Run Mountain Estates,Virginia,USA
Captains Cove,Virginia,USA
Mountain Road,Virginia,USA
Opal,Virginia,USA
Lansdowne,Virginia,USA
East Lexington,Virginia,USA
Cleveland,Virginia,USA
Halifax,Virginia,USA
Blackstone,Virginia,USA
Elkton,Virginia,USA
Rocky Mount,Virginia,USA
Clifton,Virginia,USA
Schuyler,Virginia,USA
King and Queen Court House,Virginia,USA
Greenbackville,Virginia,USA
Emory,Virginia,USA
Penhook,Virginia,USA
King William,Virginia,USA
Springville,Virginia,USA
Big Island,Virginia,USA
Mechanicsville,Virginia,USA
Castlewood,Virginia,USA
Groveton,Virginia,USA
Dahlgren Center,Virginia,USA
Seven Mile Ford,Virginia,USA
Huntington,Virginia,USA
Accomac,Virginia,USA
Montross,Virginia,USA
Fair Lakes,Virginia,USA
Dumbarton,Virginia,USA
Chatham,Virginia,USA
Hiwassee,Virginia,USA
Montrose,Virginia,USA
Sanford,Colorado,USA
Aurora,Colorado,USA
Avondale,Colorado,USA
Alpine,Colorado,USA
Pitkin,Colorado,USA
Smeltertown,Colorado,USA
Bethune,Colorado,USA
Golden,Colorado,USA
Divide,Colorado,USA
City of Creede,Colorado,USA
Amherst,Colorado,USA
Ward,Colorado,USA
Norwood,Colorado,USA
Grover,Colorado,USA
La Junta Gardens,Colorado,USA
Bennett,Colorado,USA
Sugarloaf,Colorado,USA
Walsh,Colorado,USA
Elbert,Colorado,USA
Louisville,Colorado,USA
Elizabeth,Colorado,USA
Valmont,Colorado,USA
Hasty,Colorado,USA
Holyoke,Colorado,USA
Denver,Colorado,USA
St. Ann Highlands,Colorado,USA
Gleneagle,Colorado,USA
Columbine,Colorado,USA
Mead,Colorado,USA
Keenesburg,Colorado,USA
Cathedral,Colorado,USA
Columbine Valley,Colorado,USA
Oak Creek,Colorado,USA
Ordway,Colorado,USA
Segundo,Colorado,USA
Grand Junction,Colorado,USA
Thornton,Colorado,USA
Brandon,Colorado,USA
Coal Creek,Colorado,USA
El Moro,Colorado,USA
Crested Butte,Colorado,USA
Commerce City,Colorado,USA
La Junta,Colorado,USA
Guffey,Colorado,USA
Lewis,Colorado,USA
Fleming,Colorado,USA
Rico,Colorado,USA
Idalia,Colorado,USA
Kremmling,Colorado,USA
Montezuma,Colorado,USA
Towner,Colorado,USA
Leyner,Colorado,USA
Green Mountain Falls,Colorado,USA
Kersey,Colorado,USA
Red Feather Lakes,Colorado,USA
Stratmoor,Colorado,USA
Stonegate,Colorado,USA
Lamar,Colorado,USA
Saguache,Colorado,USA
Vernon,Colorado,USA
Seven Hills,Colorado,USA
Vail,Colorado,USA
Floyd Hill,Colorado,USA
Crisman,Colorado,USA
Hidden Lake,Colorado,USA
Cokedale,Colorado,USA
Sunshine,Colorado,USA
Sheridan,Colorado,USA
Cherry Creek,Colorado,USA
Maybell,Colorado,USA
Edgewater,Colorado,USA
Air Force Academy,Colorado,USA
Allenspark,Colorado,USA
Kim,Colorado,USA
Campo,Colorado,USA
Stonewall Gap,Colorado,USA
Alamosa East,Colorado,USA
Roxborough Park,Colorado,USA
Colorado City,Colorado,USA
La Jara,Colorado,USA
Larkspur,Colorado,USA
Woodland Park,Colorado,USA
Snowmass Village,Colorado,USA
Aguilar,Colorado,USA
Wray,Colorado,USA
Todd Creek,Colorado,USA
Ramah,Colorado,USA
Clifton,Colorado,USA
Dotsero,Colorado,USA
Atwood,Colorado,USA
Altona,Colorado,USA
Castle Rock,Colorado,USA
South Fork,Colorado,USA
Towaoc,Colorado,USA
Holly,Colorado,USA
Evergreen,Colorado,USA
Cherry Hills Village,Colorado,USA
Shaw Heights,Colorado,USA
Mountain Village,Colorado,USA
Mountain Meadows,Colorado,USA
Cattle Creek,Colorado,USA
Walsenburg,Colorado,USA
Ouray,Colorado,USA
Burlington,Colorado,USA
Cripple Creek,Colorado,USA
Northglenn,Colorado,USA
Ault,Colorado,USA
Collbran,Colorado,USA
Kit Carson,Colorado,USA
Norrie,Colorado,USA
Sawpit,Colorado,USA
Colorado Springs,Colorado,USA
Olathe,Colorado,USA
Redvale,Colorado,USA
Marble,Colorado,USA
Blue River,Colorado,USA
Milliken,Colorado,USA
Fairmount,Colorado,USA
Holly Hills,Colorado,USA
Trinidad,Colorado,USA
Raymer,Colorado,USA
Johnstown,Colorado,USA
Winter Park,Colorado,USA
North Washington,Colorado,USA
Moffat,Colorado,USA
Palisade,Colorado,USA
Fulford,Colorado,USA
Julesburg,Colorado,USA
Dakota Ridge,Colorado,USA
Springfield,Colorado,USA
Southern Ute,Colorado,USA
Grand View Estates,Colorado,USA
Sugar City,Colorado,USA
Manitou Springs,Colorado,USA
Hugo,Colorado,USA
Downieville-Lawson-Dumont,Colorado,USA
Merino,Colorado,USA
No Name,Colorado,USA
Meridian,Colorado,USA
Aspen Park,Colorado,USA
Akron,Colorado,USA
Mulford,Colorado,USA
Telluride,Colorado,USA
Applewood,Colorado,USA
Valdez,Colorado,USA
Gunnison,Colorado,USA
Eagle,Colorado,USA
Johnson Village,Colorado,USA
Swink,Colorado,USA
Lyons,Colorado,USA
Central City,Colorado,USA
Seibert,Colorado,USA
Hot Sulphur Springs,Colorado,USA
Silverthorne,Colorado,USA
Woody Creek,Colorado,USA
Fruita,Colorado,USA
Saddle Ridge,Colorado,USA
Craig,Colorado,USA
Aspen,Colorado,USA
Ovid,Colorado,USA
Cortez,Colorado,USA
Salida,Colorado,USA
Berthoud,Colorado,USA
Minturn,Colorado,USA
Otis,Colorado,USA
Poncha Springs,Colorado,USA
Blende,Colorado,USA
Hooper,Colorado,USA
La Salle,Colorado,USA
Eldorado Springs,Colorado,USA
Florissant,Colorado,USA
Parshall,Colorado,USA
Firestone,Colorado,USA
Jackson Lake,Colorado,USA
Gold Hill,Colorado,USA
Yuma,Colorado,USA
Del Norte,Colorado,USA
Monte Vista,Colorado,USA
Fairplay,Colorado,USA
Buena Vista,Colorado,USA
Weldona,Colorado,USA
Walden,Colorado,USA
Colona,Colorado,USA
Howard,Colorado,USA
Breckenridge,Colorado,USA
Crawford,Colorado,USA
Nucla,Colorado,USA
Indian Hills,Colorado,USA
Aristocrat Ranchettes,Colorado,USA
Crowley,Colorado,USA
Sterling,Colorado,USA
Comanche Creek,Colorado,USA
Timnath,Colorado,USA
Vineland,Colorado,USA
Wellington,Colorado,USA
Salt Creek,Colorado,USA
Mountain View,Colorado,USA
Sherrelwood,Colorado,USA
Naturita,Colorado,USA
Orchard Mesa,Colorado,USA
Englewood,Colorado,USA
Castle Pines,Colorado,USA
Wiggins,Colorado,USA
Eads,Colorado,USA
Orchard City,Colorado,USA
Ridgway,Colorado,USA
Brighton,Colorado,USA
Aetna Estates,Colorado,USA
Midland,Colorado,USA
San Acacio,Colorado,USA
Ponderosa Park,Colorado,USA
Haxtun,Colorado,USA
Hartman,Colorado,USA
Morrison,Colorado,USA
Ophir,Colorado,USA
Bark Ranch,Colorado,USA
Manzanola,Colorado,USA
Laird,Colorado,USA
Hotchkiss,Colorado,USA
Tall Timber,Colorado,USA
Blue Sky,Colorado,USA
Crestone,Colorado,USA
Westcliffe,Colorado,USA
Boone,Colorado,USA
Durango,Colorado,USA
Woodmoor,Colorado,USA
Lakewood,Colorado,USA
Silver Plume,Colorado,USA
Pueblo,Colorado,USA
Alma,Colorado,USA
Gerrard,Colorado,USA
Dinosaur,Colorado,USA
Kiowa,Colorado,USA
Nunn,Colorado,USA
San Luis,Colorado,USA
Rock Creek Park,Colorado,USA
Padroni,Colorado,USA
Kittredge,Colorado,USA
Loma,Colorado,USA
De Beque,Colorado,USA
Sedalia,Colorado,USA
Hoehne,Colorado,USA
Iliff,Colorado,USA
Limon,Colorado,USA
Florence,Colorado,USA
Silver Cliff,Colorado,USA
Ellicott,Colorado,USA
Black Hawk,Colorado,USA
Highlands Ranch,Colorado,USA
Inverness,Colorado,USA
Byers,Colorado,USA
Dacono,Colorado,USA
Meeker,Colorado,USA
Greenwood Village,Colorado,USA
Greeley,Colorado,USA
Deer Trail,Colorado,USA
New Castle,Colorado,USA
Rye,Colorado,USA
Coaldale,Colorado,USA
Dove Valley,Colorado,USA
Wiley,Colorado,USA
Eckley,Colorado,USA
Orchard,Colorado,USA
Glenwood Springs,Colorado,USA
Fraser,Colorado,USA
Alamosa,Colorado,USA
North La Junta,Colorado,USA
Starkville,Colorado,USA
Genoa,Colorado,USA
Pine Brook Hill,Colorado,USA
Red Cliff,Colorado,USA
Portland,Colorado,USA
Hayden,Colorado,USA
Fountain,Colorado,USA
Beulah Valley,Colorado,USA
La Veta,Colorado,USA
Rocky Ford,Colorado,USA
Sheridan Lake,Colorado,USA
Rifle,Colorado,USA
Lochbuie,Colorado,USA
Garfield,Colorado,USA
Pritchett,Colorado,USA
Blanca,Colorado,USA
Sedgwick,Colorado,USA
Cotopaxi,Colorado,USA
Frisco,Colorado,USA
Piedra,Colorado,USA
Olney Springs,Colorado,USA
Boulder,Colorado,USA
Silt,Colorado,USA
Fort Garland,Colorado,USA
Castle Pines Village,Colorado,USA
Phippsburg,Colorado,USA
Branson,Colorado,USA
Vona,Colorado,USA
Berkley,Colorado,USA
Flagler,Colorado,USA
Bow Mar,Colorado,USA
Foxfield,Colorado,USA
Pierce,Colorado,USA
Longmont,Colorado,USA
Centennial,Colorado,USA
Ignacio,Colorado,USA
Carbondale,Colorado,USA
Morgan Heights,Colorado,USA
Redlands,Colorado,USA
Manassa,Colorado,USA
Strasburg,Colorado,USA
Lincoln Park,Colorado,USA
Leadville,Colorado,USA
Arriba,Colorado,USA
Louviers,Colorado,USA
Cascade-Chipita Park,Colorado,USA
Conejos,Colorado,USA
Granby,Colorado,USA
Battlement Mesa,Colorado,USA
Cañon City,Colorado,USA
Redstone,Colorado,USA
Upper Bear Creek,Colorado,USA
Black Forest,Colorado,USA
Rangely,Colorado,USA
Trail Side,Colorado,USA
Lake City,Colorado,USA
Bonanza Mountain Estates,Colorado,USA
Platteville,Colorado,USA
Delta,Colorado,USA
Paoli,Colorado,USA
Hillrose,Colorado,USA
Steamboat Springs,Colorado,USA
The Pinery,Colorado,USA
Rollinsville,Colorado,USA
Granada,Colorado,USA
Edwards,Colorado,USA
Kirk,Colorado,USA
Idaho Springs,Colorado,USA
St. Mary's,Colorado,USA
Broomfield,Colorado,USA
Perry Park,Colorado,USA
Cheyenne Wells,Colorado,USA
Niwot,Colorado,USA
Grand Lake,Colorado,USA
Lafayette,Colorado,USA
Jansen,Colorado,USA
Ken Caryl,Colorado,USA
Security-Widefield,Colorado,USA
Pagosa Springs,Colorado,USA
Heeney,Colorado,USA
Peyton,Colorado,USA
Loghill Village,Colorado,USA
Joes,Colorado,USA
Eldora,Colorado,USA
Crook,Colorado,USA
Victor,Colorado,USA
Lazy Acres,Colorado,USA
Derby,Colorado,USA
Las Animas,Colorado,USA
Fruitvale,Colorado,USA
Estes Park,Colorado,USA
Maysville,Colorado,USA
Federal Heights,Colorado,USA
Hudson,Colorado,USA
Basalt,Colorado,USA
Parachute,Colorado,USA
Paragon Estates,Colorado,USA
Brookside,Colorado,USA
Leadville North,Colorado,USA
Williamsburg,Colorado,USA
Lone Tree,Colorado,USA
Gunbarrel,Colorado,USA
Superior,Colorado,USA
Calhan,Colorado,USA
McCoy,Colorado,USA
East Pleasant View,Colorado,USA
Rockvale,Colorado,USA
Log Lane Village,Colorado,USA
Silverton,Colorado,USA
Jamestown,Colorado,USA
Yampa,Colorado,USA
Loveland,Colorado,USA
Evans,Colorado,USA
Paonia,Colorado,USA
Bayfield,Colorado,USA
Georgetown,Colorado,USA
Peoria,Colorado,USA
Dove Creek,Colorado,USA
Penrose,Colorado,USA
Bonanza,Colorado,USA
Mount Crested Butte,Colorado,USA
Frederick,Colorado,USA
Fowler,Colorado,USA
Fort Carson,Colorado,USA
Parker,Colorado,USA
Gilcrest,Colorado,USA
West Pleasant View,Colorado,USA
Wolcott,Colorado,USA
Two Buttes,Colorado,USA
Fort Lupton,Colorado,USA
Littleton,Colorado,USA
Glendale,Colorado,USA
Brick Center,Colorado,USA
Dillon,Colorado,USA
Tabernash,Colorado,USA
Avon,Colorado,USA
Palmer Lake,Colorado,USA
Idledale,Colorado,USA
Pueblo West,Colorado,USA
Stratton,Colorado,USA
Antonito,Colorado,USA
Watkins,Colorado,USA
Haswell,Colorado,USA
Arvada,Colorado,USA
Eaton,Colorado,USA
Garden City,Colorado,USA
Cimarron Hills,Colorado,USA
Lakeside,Colorado,USA
El Jebel,Colorado,USA
Acres Green,Colorado,USA
Windsor,Colorado,USA
Romeo,Colorado,USA
Vilas,Colorado,USA
Center,Colorado,USA
Genesee,Colorado,USA
Chacra,Colorado,USA
Fort Morgan,Colorado,USA
Empire,Colorado,USA
Severance,Colorado,USA
Mancos,Colorado,USA
Keystone,Colorado,USA
Twin Lakes,Colorado,USA
Gypsum,Colorado,USA
Catherine,Colorado,USA
Brush,Colorado,USA
Franktown,Colorado,USA
Westcreek,Colorado,USA
Snyder,Colorado,USA
Dolores,Colorado,USA
Capulin,Colorado,USA
Nederland,Colorado,USA
Welby,Colorado,USA
Arboles,Colorado,USA
Lynn,Colorado,USA
Fort Collins,Colorado,USA
Laporte,Colorado,USA
Peetz,Colorado,USA
Simla,Colorado,USA
Monument,Colorado,USA
Copper Mountain,Colorado,USA
Weston,Colorado,USA
Cheraw,Colorado,USA
Erie,Colorado,USA
Goldfield,Colorado,USA
Westminster,Colorado,USA
Montrose,Colorado,USA
Wheat Ridge,Colorado,USA
Cedaredge,Colorado,USA
El Dorado Hills,California,USA
Lemon Cove,California,USA
Dillon Beach,California,USA
Patterson Tract,California,USA
Redcrest,California,USA
Madera,California,USA
Brooktrails,California,USA
Geyserville,California,USA
Delhi,California,USA
Stanton,California,USA
Cobb,California,USA
Amador City,California,USA
Vallejo,California,USA
Scotts Valley,California,USA
Fish Camp,California,USA
Alpine,California,USA
Rowland Heights,California,USA
Alta,California,USA
North San Juan,California,USA
Mountain Mesa,California,USA
Shafter,California,USA
Bombay Beach,California,USA
Fairfax,California,USA
Round Mountain,California,USA
Avocado Heights,California,USA
Dunnigan,California,USA
Strathmore,California,USA
Inglewood,California,USA
Randsburg,California,USA
Granite Hills,California,USA
Burlingame,California,USA
Keddie,California,USA
Lodi,California,USA
Saticoy,California,USA
Avery,California,USA
Spreckels,California,USA
South Whittier,California,USA
Boron,California,USA
Cherry Valley,California,USA
Milpitas,California,USA
El Sobrante,California,USA
Exeter,California,USA
Whitewater,California,USA
Inyokern,California,USA
Rackerby,California,USA
Pajaro Dunes,California,USA
Adin,California,USA
Lake Nacimiento,California,USA
Live Oak,California,USA
Fort Jones,California,USA
Rancho Cordova,California,USA
Black Point-Green Point,California,USA
Manhattan Beach,California,USA
Montecito,California,USA
El Monte,California,USA
Bostonia,California,USA
Palo Cedro,California,USA
Belmont,California,USA
Robbins,California,USA
Woodacre,California,USA
Sugarloaf Mountain Park,California,USA
Willowbrook,California,USA
Mather,California,USA
Los Berros,California,USA
Waterloo,California,USA
Callender,California,USA
Carmet,California,USA
Yosemite Lakes,California,USA
Buckhorn,California,USA
Edmundson Acres,California,USA
Grenada,California,USA
Montclair,California,USA
Buck Meadows,California,USA
Grimes,California,USA
Hayfork,California,USA
Indio,California,USA
Sierra City,California,USA
Mission Hills,California,USA
Valley Acres,California,USA
Montebello,California,USA
Newell,California,USA
Parksdale,California,USA
Graton,California,USA
Livingston,California,USA
Traver,California,USA
Floriston,California,USA
Montague,California,USA
Mesa,California,USA
Lompico,California,USA
Hidden Meadows,California,USA
La Vina,California,USA
Lindsay,California,USA
Bass Lake,California,USA
Calimesa,California,USA
Thousand Palms,California,USA
Modesto,California,USA
Pico Rivera,California,USA
East Rancho Dominguez,California,USA
Maricopa,California,USA
Wilton,California,USA
Ocotillo,California,USA
Klamath,California,USA
Costa Mesa,California,USA
Oceano,California,USA
Robinson Mill,California,USA
Colusa,California,USA
Meadowbrook,California,USA
Hidden Valley Lake,California,USA
Caruthers,California,USA
Potrero,California,USA
Laton,California,USA
Hiouchi,California,USA
Fuller Acres,California,USA
Herald,California,USA
Furnace Creek,California,USA
Lucerne Valley,California,USA
Volcano,California,USA
Redding,California,USA
Concord,California,USA
West Modesto,California,USA
Golden Hills,California,USA
Santa Fe Springs,California,USA
Fellows,California,USA
Forestville,California,USA
Los Molinos,California,USA
Banning,California,USA
Sacramento,California,USA
Independence,California,USA
Spring Valley Lake,California,USA
Valley Ford,California,USA
Plumas Eureka,California,USA
Westside,California,USA
Country Club,California,USA
East Quincy,California,USA
Rancho San Diego,California,USA
Lewiston,California,USA
Bonadelle Ranchos-Madera Ranchos,California,USA
Teviston,California,USA
Lagunitas-Forest Knolls,California,USA
Palo Alto,California,USA
Pearsonville,California,USA
Bonita,California,USA
Del Rio,California,USA
Danville,California,USA
Casa de Oro-Mount Helix,California,USA
Cloverdale,California,USA
La Quinta,California,USA
Roseland,California,USA
Big Bear City,California,USA
Chinese Camp,California,USA
Washington,California,USA
San Jacinto,California,USA
Carrick,California,USA
Meadow Vista,California,USA
Old Fig Garden,California,USA
Likely,California,USA
Sugarloaf Saw Mill,California,USA
Riverdale Park,California,USA
Tulelake,California,USA
Las Flores,California,USA
Biola,California,USA
Los Ranchos,California,USA
San Mateo,California,USA
Livermore,California,USA
Diablo Grande,California,USA
Idyllwild-Pine Cove,California,USA
Morongo Valley,California,USA
Thornton,California,USA
San Diego,California,USA
Bermuda Dunes,California,USA
Copperopolis,California,USA
La Crescenta-Montrose,California,USA
Pine Canyon,California,USA
Brookdale,California,USA
Signal Hill,California,USA
Stirling City,California,USA
Loma Rica,California,USA
Tamalpais-Homestead Valley,California,USA
Tuttle,California,USA
West Park,California,USA
Pleasanton,California,USA
March ARB,California,USA
Big Lagoon,California,USA
Muscoy,California,USA
West Covina,California,USA
Bellflower,California,USA
Allensworth,California,USA
Lemon Hill,California,USA
Fort Dick,California,USA
Rancho Cucamonga,California,USA
Rio del Mar,California,USA
Agoura Hills,California,USA
St. Helena,California,USA
Dorris,California,USA
Lenwood,California,USA
Garberville,California,USA
Carmichael,California,USA
Richvale,California,USA
New Cuyama,California,USA
Tomales,California,USA
Anza,California,USA
Rodriguez Camp,California,USA
Ballard,California,USA
Jacumba,California,USA
Westley,California,USA
Romoland,California,USA
Santa Ana,California,USA
Sunol,California,USA
Lancaster,California,USA
Moorpark,California,USA
Graeagle,California,USA
Descanso,California,USA
Isleton,California,USA
Orange Cove,California,USA
Pollock Pines,California,USA
Macdoel,California,USA
Vernon,California,USA
West Sacramento,California,USA
San Geronimo,California,USA
Parlier,California,USA
Long Barn,California,USA
Calexico,California,USA
Fairhaven,California,USA
Compton,California,USA
San Andreas,California,USA
Courtland,California,USA
Herlong,California,USA
Desert Edge,California,USA
Chester,California,USA
Fort Bragg,California,USA
Bootjack,California,USA
Wheatland,California,USA
Chino,California,USA
Valley Ranch,California,USA
Valley Center,California,USA
Prunedale,California,USA
Taft Heights,California,USA
Twain,California,USA
Grizzly Flats,California,USA
Junction City,California,USA
Victorville,California,USA
Taft Mosswood,California,USA
Cedarville,California,USA
West Goshen,California,USA
Onyx,California,USA
Downieville,California,USA
Rolling Hills,California,USA
Mesa Verde,California,USA
Sheridan,California,USA
Hickman,California,USA
Mission Canyon,California,USA
Running Springs,California,USA
Davenport,California,USA
La Honda,California,USA
Posey,California,USA
Jamul,California,USA
Ladera Heights,California,USA
Searles Valley,California,USA
Kingsburg,California,USA
Leona Valley,California,USA
Oakville,California,USA
Elmira,California,USA
Auburn Lake Trails,California,USA
Lake Almanor Peninsula,California,USA
Eldridge,California,USA
Shoshone,California,USA
Coachella,California,USA
Toro Canyon,California,USA
Greenview,California,USA
Villa Park,California,USA
Campo,California,USA
Morgan Hill,California,USA
Imperial Beach,California,USA
Norco,California,USA
Riverdale,California,USA
Los Altos,California,USA
Rolling Hills Estates,California,USA
Middletown,California,USA
Sun Village,California,USA
Pismo Beach,California,USA
Campbell,California,USA
Fountain Valley,California,USA
Trona,California,USA
Keeler,California,USA
Carmel Valley Village,California,USA
El Centro,California,USA
Torrance,California,USA
Oakdale,California,USA
San Juan Bautista,California,USA
Holtville,California,USA
East Orosi,California,USA
Newcastle,California,USA
Clearlake Riviera,California,USA
Vacaville,California,USA
Quartz Hill,California,USA
Chualar,California,USA
Palermo,California,USA
Nice,California,USA
Seaside,California,USA
Simi Valley,California,USA
Plainview,California,USA
Beckwourth,California,USA
Willows,California,USA
Menlo Park,California,USA
Valley Home,California,USA
North Highlands,California,USA
Indianola,California,USA
Mission Viejo,California,USA
Alamo,California,USA
Rail Road Flat,California,USA
Thermalito,California,USA
Lomita,California,USA
Potter Valley,California,USA
Indian Wells,California,USA
Lower Lake,California,USA
Burbank,California,USA
Casa Conejo,California,USA
Rosedale,California,USA
Coronado,California,USA
Warm Springs,California,USA
Dustin Acres,California,USA
Yucca Valley,California,USA
Maxwell,California,USA
Patton Village,California,USA
Upland,California,USA
El Cerrito,California,USA
Shingletown,California,USA
Anderson,California,USA
Bloomington,California,USA
Palm Springs,California,USA
Atherton,California,USA
Needles,California,USA
Clipper Mills,California,USA
Weldon,California,USA
Altadena,California,USA
National City,California,USA
Foresthill,California,USA
Daphnedale Park,California,USA
American Canyon,California,USA
Plymouth,California,USA
Rialto,California,USA
Rohnert Park,California,USA
Dinuba,California,USA
Pacific Grove,California,USA
Rosamond,California,USA
Roseville,California,USA
Angels,California,USA
Occidental,California,USA
Vista,California,USA
Phelan,California,USA
Sunnyside,California,USA
Johnstonville,California,USA
Inverness,California,USA
Acton,California,USA
Pasadena,California,USA
Alleghany,California,USA
Tres Pinos,California,USA
Castaic,California,USA
Stonyford,California,USA
Covelo,California,USA
Vandenberg Village,California,USA
Cambria,California,USA
Miranda,California,USA
Silverado Resort,California,USA
Amesti,California,USA
Planada,California,USA
Hyampom,California,USA
Gold Mountain,California,USA
China Lake Acres,California,USA
Valle Vista,California,USA
Los Alamos,California,USA
Pine Flat,California,USA
Newark,California,USA
Santee,California,USA
Mi-Wuk Village,California,USA
Sereno del Mar,California,USA
Walnut Park,California,USA
Santa Paula,California,USA
San Ardo,California,USA
Del Rey,California,USA
Mono Vista,California,USA
Lake Forest,California,USA
Sonora,California,USA
Dobbins,California,USA
Newport Beach,California,USA
Peters,California,USA
Santa Clara,California,USA
Pine Valley,California,USA
Laguna Woods,California,USA
Penngrove,California,USA
Elizabeth Lake,California,USA
Montara,California,USA
Lennox,California,USA
Barstow,California,USA
Walnut Grove,California,USA
Redway,California,USA
Desert Palms,California,USA
Pajaro,California,USA
Mesa Vista,California,USA
Azusa,California,USA
Half Moon Bay,California,USA
Los Gatos,California,USA
Pinole,California,USA
Hoopa,California,USA
San Anselmo,California,USA
San Martin,California,USA
Auberry,California,USA
Sky Valley,California,USA
Easton,California,USA
McKinleyville,California,USA
Alto,California,USA
Sausalito,California,USA
Highlands-Baywood Park,California,USA
Allendale,California,USA
Rosemont,California,USA
Dublin,California,USA
Tarpey Village,California,USA
San Lorenzo,California,USA
Day Valley,California,USA
Paxton,California,USA
Cedar Slope,California,USA
Seacliff,California,USA
Stockton,California,USA
Angwin,California,USA
Tecopa,California,USA
Durham,California,USA
Orcutt,California,USA
Emerald Lake Hills,California,USA
Guinda,California,USA
Salton Sea Beach,California,USA
Fairfield,California,USA
Vineyard,California,USA
Acalanes Ridge,California,USA
North Edwards,California,USA
Rosemead,California,USA
Milford,California,USA
Honcut,California,USA
Escalon,California,USA
Rossmoor,California,USA
Ojai,California,USA
Placerville,California,USA
South El Monte,California,USA
Millville,California,USA
Temescal Valley,California,USA
Diablo,California,USA
Panorama Heights,California,USA
Fulton,California,USA
Rancho Mirage,California,USA
Yuba City,California,USA
San Diego Country Estates,California,USA
Capitola,California,USA
Lanare,California,USA
Contra Costa Centre,California,USA
Kennedy Meadows,California,USA
Rancho Santa Margarita,California,USA
North Shore,California,USA
Interlaken,California,USA
Homestead Valley,California,USA
Coleville,California,USA
Knightsen,California,USA
Mendocino,California,USA
Dunsmuir,California,USA
Kings Beach,California,USA
Myers Flat,California,USA
Corona,California,USA
East Shore,California,USA
Yreka,California,USA
Beaumont,California,USA
Bear Creek,California,USA
San Pablo,California,USA
Alpine Village,California,USA
Dorrington,California,USA
Smith River,California,USA
Oakley,California,USA
Agua Dulce,California,USA
McArthur,California,USA
Oroville East,California,USA
Meridian,California,USA
Dixon Lane-Meadow Creek,California,USA
Chino Hills,California,USA
Bonsall,California,USA
Folsom,California,USA
Susanville,California,USA
San Rafael,California,USA
Calabasas,California,USA
Cuyama,California,USA
Wawona,California,USA
Concow,California,USA
Westlake Village,California,USA
Sisquoc,California,USA
Jackson,California,USA
Trowbridge,California,USA
Calistoga,California,USA
Ladera Ranch,California,USA
Cleone,California,USA
Ford City,California,USA
University of California-Davis,California,USA
Oasis,California,USA
Marina,California,USA
San Clemente,California,USA
Whittier,California,USA
Mono City,California,USA
Laguna Beach,California,USA
Kernville,California,USA
Silver City,California,USA
Ripon,California,USA
Mexican Colony,California,USA
Bella Vista,California,USA
Hydesville,California,USA
Niland,California,USA
Bodega Bay,California,USA
Calpine,California,USA
Hat Creek,California,USA
Boulevard,California,USA
Carson,California,USA
Guadalupe,California,USA
Elkhorn,California,USA
Delleker,California,USA
Huntington Beach,California,USA
Williams,California,USA
Solvang,California,USA
Sebastopol,California,USA
Elk Grove,California,USA
Ripley,California,USA
Corning,California,USA
Cherokee Strip,California,USA
Crestline,California,USA
Blacklake,California,USA
Irvine,California,USA
San Marino,California,USA
Cherryland,California,USA
Baldwin Park,California,USA
Bertsch-Oceanview,California,USA
Fair Oaks,California,USA
Arroyo Grande,California,USA
Sunnyside-Tahoe City,California,USA
Orland,California,USA
Alhambra Valley,California,USA
Hughson,California,USA
Santa Nella,California,USA
Mendota,California,USA
Zayante,California,USA
Bonny Doon,California,USA
Marysville,California,USA
Tracy,California,USA
Winters,California,USA
Rose Hills,California,USA
Tehachapi,California,USA
Mabie,California,USA
East Whittier,California,USA
Florence-Graham,California,USA
Los Alamitos,California,USA
Mad River,California,USA
Madison,California,USA
Salida,California,USA
Ivanhoe,California,USA
San Carlos,California,USA
Wasco,California,USA
Magalia,California,USA
North Richmond,California,USA
Cassel,California,USA
Hesperia,California,USA
Tupman,California,USA
Prattville,California,USA
Home Garden,California,USA
Fairview,California,USA
Storrie,California,USA
Homewood Canyon,California,USA
Almanor,California,USA
San Marcos,California,USA
El Segundo,California,USA
Poso Park,California,USA
Keyes,California,USA
Mineral,California,USA
La Palma,California,USA
Meiners Oaks,California,USA
Broadmoor,California,USA
Darwin,California,USA
Little Valley,California,USA
Weott,California,USA
August,California,USA
Fowler,California,USA
Yountville,California,USA
Willits,California,USA
Big Bear Lake,California,USA
Clayton,California,USA
Camarillo,California,USA
Mayflower Village,California,USA
Piru,California,USA
Buena Vista,California,USA
Saratoga,California,USA
Bodega,California,USA
La Presa,California,USA
Channel Islands Beach,California,USA
Del Aire,California,USA
Shaver Lake,California,USA
Stinson Beach,California,USA
Oxnard,California,USA
Valley Springs,California,USA
San Luis Obispo,California,USA
Yucaipa,California,USA
Gilroy,California,USA
Temecula,California,USA
Kenwood,California,USA
La Mesa,California,USA
Escondido,California,USA
Hilmar-Irwin,California,USA
Verdi,California,USA
Penryn,California,USA
Arnold,California,USA
Blackhawk,California,USA
Greeley Hill,California,USA
King City,California,USA
Sierra Village,California,USA
North Gate,California,USA
Alta Sierra,California,USA
Centerville,California,USA
Wilsonia,California,USA
Woodland,California,USA
Tiburon,California,USA
Manila,California,USA
Santa Margarita,California,USA
Camp Nelson,California,USA
Oceanside,California,USA
South San Jose Hills,California,USA
Weed,California,USA
Mountain House,California,USA
Big Bend,California,USA
Boyes Hot Springs,California,USA
Lake Davis,California,USA
Alturas,California,USA
Monson,California,USA
Daly City,California,USA
Sierra Brooks,California,USA
London,California,USA
Eureka,California,USA
Aliso Viejo,California,USA
Sunnyvale,California,USA
Soda Bay,California,USA
Cathedral City,California,USA
East Richmond Heights,California,USA
Hermosa Beach,California,USA
Lake Almanor Country Club,California,USA
Brisbane,California,USA
Cerritos,California,USA
Corte Madera,California,USA
Reliez Valley,California,USA
Tobin,California,USA
Mountain View,California,USA
Pleasure Point,California,USA
Ross,California,USA
Ponderosa,California,USA
Firebaugh,California,USA
Selma,California,USA
Portola Valley,California,USA
Lodoga,California,USA
Sugarloaf Village,California,USA
Walnut Creek,California,USA
Ferndale,California,USA
Fortuna,California,USA
Artesia,California,USA
Kennedy,California,USA
Salinas,California,USA
Rancho Santa Fe,California,USA
Burnt Ranch,California,USA
Clay,California,USA
Rio Vista,California,USA
Hayward,California,USA
Butte Creek Canyon,California,USA
Jamestown,California,USA
San Miguel,California,USA
College City,California,USA
Colfax,California,USA
June Lake,California,USA
Yankee Hill,California,USA
Lucas Valley-Marinwood,California,USA
Douglas City,California,USA
Pioneer,California,USA
Eucalyptus Hills,California,USA
Boulder Creek,California,USA
McFarland,California,USA
Mountain Center,California,USA
Tonyville,California,USA
El Paso de Robles,California,USA
Palmdale,California,USA
Nicasio,California,USA
McClellan Park,California,USA
Industry,California,USA
Chilcoot-Vinton,California,USA
Garnet,California,USA
Lake Riverside,California,USA
Lakeview,California,USA
Duarte,California,USA
San Juan Capistrano,California,USA
Wofford Heights,California,USA
Arvin,California,USA
Monterey Park,California,USA
Turlock,California,USA
Indio Hills,California,USA
Mecca,California,USA
Downey,California,USA
Alameda,California,USA
Three Rivers,California,USA
Pine Mountain Club,California,USA
Pasatiempo,California,USA
Salton City,California,USA
Sleepy Hollow,California,USA
Lake Mathews,California,USA
McGee Creek,California,USA
Rouse,California,USA
Hornitos,California,USA
Tipton,California,USA
Stanford,California,USA
Beverly Hills,California,USA
Benton,California,USA
Strawberry,California,USA
Los Altos Hills,California,USA
Little River,California,USA
Bucks Lake,California,USA
Chowchilla,California,USA
Bishop,California,USA
University of California-Merced,California,USA
Hartley,California,USA
Valinda,California,USA
Commerce,California,USA
Vandenberg AFB,California,USA
Thermal,California,USA
Topanga,California,USA
Temelec,California,USA
Hasley Canyon,California,USA
Paynes Creek,California,USA
Malaga,California,USA
Hawthorne,California,USA
Cantua Creek,California,USA
Rancho Tehama Reserve,California,USA
Spring Valley,California,USA
Belden,California,USA
Lakehead,California,USA
San Pasqual,California,USA
Santa Barbara,California,USA
Highgrove,California,USA
Nipinnawasee,California,USA
Kensington,California,USA
Cazadero,California,USA
Winton,California,USA
Garey,California,USA
Tahoma,California,USA
Rancho Murieta,California,USA
Stallion Springs,California,USA
Mettler,California,USA
Healdsburg,California,USA
Farmington,California,USA
Mayfair,California,USA
Coronita,California,USA
Felton,California,USA
Hillsborough,California,USA
Point Reyes Station,California,USA
Tranquillity,California,USA
Nord,California,USA
La Habra Heights,California,USA
Madera Acres,California,USA
Crest,California,USA
Lakewood,California,USA
Paradise,California,USA
Rollingwood,California,USA
Bridgeport,California,USA
Bangor,California,USA
Oak Hills,California,USA
Freeport,California,USA
Samoa,California,USA
Cottonwood,California,USA
Trinity Center,California,USA
Lynwood,California,USA
Paskenta,California,USA
Clear Creek,California,USA
Eastvale,California,USA
Greenville,California,USA
Dollar Point,California,USA
Tulare,California,USA
Sunny Slopes,California,USA
Norwalk,California,USA
Alpaugh,California,USA
Point Arena,California,USA
Coto de Caza,California,USA
Carpinteria,California,USA
Berkeley,California,USA
Heber,California,USA
Airport,California,USA
Taft,California,USA
Bystrom,California,USA
Discovery Bay,California,USA
Canby,California,USA
Huntington Park,California,USA
Goleta,California,USA
Gerber,California,USA
Fruitridge Pocket,California,USA
Moss Beach,California,USA
Good Hope,California,USA
Reedley,California,USA
Chula Vista,California,USA
Linden,California,USA
Scotia,California,USA
Ramona,California,USA
Camp Pendleton South,California,USA
Benbow,California,USA
East Oakdale,California,USA
Riverbank,California,USA
Flournoy,California,USA
Long Beach,California,USA
Petaluma,California,USA
Bodfish,California,USA
Santa Susana,California,USA
Novato,California,USA
Nevada City,California,USA
Weedpatch,California,USA
Marin City,California,USA
Ione,California,USA
Mountain Gate,California,USA
Mount Hermon,California,USA
Grayson,California,USA
Del Rey Oaks,California,USA
Casmalia,California,USA
Ridgecrest,California,USA
Vine Hill,California,USA
Raisin City,California,USA
Green Valley,California,USA
Sutter,California,USA
Perris,California,USA
Avalon,California,USA
Kettleman City,California,USA
Ceres,California,USA
Shandon,California,USA
Sierraville,California,USA
Desert Hot Springs,California,USA
West Whittier-Los Nietos,California,USA
Auburn,California,USA
Weaverville,California,USA
Desert Shores,California,USA
Calpella,California,USA
Lookout,California,USA
Twentynine Palms,California,USA
Watsonville,California,USA
Kentfield,California,USA
Colma,California,USA
Edna,California,USA
Idlewild,California,USA
Lake Don Pedro,California,USA
South Pasadena,California,USA
Poplar-Cotton Center,California,USA
Wrightwood,California,USA
San Gabriel,California,USA
Woodbridge,California,USA
Soledad,California,USA
Old Station,California,USA
Three Rocks,California,USA
El Portal,California,USA
West Point,California,USA
Camanche North Shore,California,USA
Glendora,California,USA
Terminous,California,USA
Hood,California,USA
Atwater,California,USA
Sierra Madre,California,USA
Crescent Mills,California,USA
Antioch,California,USA
Warner Valley,California,USA
Minkler,California,USA
Fiddletown,California,USA
Bell Gardens,California,USA
Pine Grove,California,USA
Windsor,California,USA
West Puente Valley,California,USA
Santa Monica,California,USA
Lone Pine,California,USA
Tuttletown,California,USA
Coarsegold,California,USA
Parkwood,California,USA
Lucerne,California,USA
Kingvale,California,USA
Sultana,California,USA
Lawndale,California,USA
French Valley,California,USA
Piedmont,California,USA
La Cañada Flintridge,California,USA
Elk Creek,California,USA
Las Lomas,California,USA
Goodyears Bar,California,USA
Murphys,California,USA
South Lake Tahoe,California,USA
Leggett,California,USA
El Rancho,California,USA
Arcata,California,USA
Laytonville,California,USA
Crowley Lake,California,USA
Silver Lakes,California,USA
North Tustin,California,USA
Galt,California,USA
Stevinson,California,USA
Fort Washington,California,USA
East Hemet,California,USA
Cherokee,California,USA
Placentia,California,USA
Santa Maria,California,USA
Clovis,California,USA
Seeley,California,USA
Patterson,California,USA
Bay Point,California,USA
Cold Springs,California,USA
Littlerock,California,USA
Beale AFB,California,USA
San Bruno,California,USA
Portola,California,USA
Friant,California,USA
South San Gabriel,California,USA
Pierpoint,California,USA
Eagleville,California,USA
Olancha,California,USA
Wildomar,California,USA
Larkspur,California,USA
Laguna Niguel,California,USA
San Ramon,California,USA
Cowan,California,USA
Bend,California,USA
Sequoia Crest,California,USA
Lemoore,California,USA
Lake California,California,USA
Grand Terrace,California,USA
Cohasset,California,USA
West Athens,California,USA
Hamilton City,California,USA
Diamond Springs,California,USA
Mokelumne Hill,California,USA
Mira Monte,California,USA
Isla Vista,California,USA
Del Monte Forest,California,USA
Vina,California,USA
Harbison Canyon,California,USA
Byron,California,USA
Graniteville,California,USA
Aptos,California,USA
East Pasadena,California,USA
Proberta,California,USA
Fetters Hot Springs-Agua Caliente,California,USA
Palo Verde,California,USA
Orosi,California,USA
Irwindale,California,USA
Burney,California,USA
Fontana,California,USA
Bethel Island,California,USA
California Pines,California,USA
Clio,California,USA
Cotati,California,USA
West Hollywood,California,USA
Loleta,California,USA
Etna,California,USA
San Bernardino,California,USA
Jurupa Valley,California,USA
Castle Hill,California,USA
Parklawn,California,USA
Valley Wells,California,USA
Colton,California,USA
Santa Venetia,California,USA
Loyalton,California,USA
Camp Pendleton North,California,USA
Red Bluff,California,USA
Sattley,California,USA
Bell,California,USA
Rough and Ready,California,USA
Tehama,California,USA
Clarksburg,California,USA
Caspar,California,USA
Carnelian Bay,California,USA
La Mirada,California,USA
San Antonio Heights,California,USA
Arcadia,California,USA
Lake Hughes,California,USA
Frazier Park,California,USA
San Joaquin,California,USA
Rancho Calaveras,California,USA
Ben Lomond,California,USA
Litchfield,California,USA
Porterville,California,USA
Templeton,California,USA
Earlimart,California,USA
Salmon Creek,California,USA
Vista Santa Rosa,California,USA
Bluewater,California,USA
Loomis,California,USA
Oak Glen,California,USA
Lemon Grove,California,USA
Challenge-Brownsville,California,USA
Stevenson Ranch,California,USA
Coffee Creek,California,USA
Ruth,California,USA
Summerland,California,USA
Franklin,California,USA
Orangevale,California,USA
Big Pine,California,USA
Matheny,California,USA
Ukiah,California,USA
Olivehurst,California,USA
Redlands,California,USA
Laguna Hills,California,USA
Shelter Cove,California,USA
West Menlo Park,California,USA
Martell,California,USA
Rocklin,California,USA
Grangeville,California,USA
South San Francisco,California,USA
Hercules,California,USA
North Auburn,California,USA
Redwood City,California,USA
Sutter Creek,California,USA
Dos Palos Y,California,USA
Dixon,California,USA
Homeland,California,USA
Lee Vining,California,USA
Catheys Valley,California,USA
Dutch Flat,California,USA
Cabazon,California,USA
Tennant,California,USA
Linnell Camp,California,USA
Vallecito,California,USA
Garden Grove,California,USA
Fremont,California,USA
Fruitdale,California,USA
Lathrop,California,USA
Blairsden,California,USA
Coalinga,California,USA
Garden Acres,California,USA
Coulterville,California,USA
Moreno Valley,California,USA
East Nicolaus,California,USA
Lakeland Village,California,USA
West Rancho Dominguez,California,USA
Pala,California,USA
Plumas Lake,California,USA
Atascadero,California,USA
California City,California,USA
Trinidad,California,USA
Benicia,California,USA
Knights Landing,California,USA
French Gulch,California,USA
Mount Laguna,California,USA
Paradise Park,California,USA
Nuevo,California,USA
Solana Beach,California,USA
Oak Shores,California,USA
Ladera,California,USA
Millbrae,California,USA
Culver City,California,USA
Castroville,California,USA
Delft Colony,California,USA
Chico,California,USA
El Cajon,California,USA
Rio Oso,California,USA
Crescent City,California,USA
Truckee,California,USA
Greenfield,California,USA
Martinez,California,USA
South Monrovia Island,California,USA
Port Hueneme,California,USA
Fieldbrook,California,USA
Ontario,California,USA
McClenney Tract,California,USA
Castro Valley,California,USA
Murrieta,California,USA
Gasquet,California,USA
Pittsburg,California,USA
Hopland,California,USA
La Puente,California,USA
Hacienda Heights,California,USA
Montalvin Manor,California,USA
Taylorsville,California,USA
Bradbury,California,USA
Cudahy,California,USA
Grass Valley,California,USA
Big River,California,USA
Myrtletown,California,USA
Markleeville,California,USA
South Oroville,California,USA
Palos Verdes Estates,California,USA
Monterey Park Tract,California,USA
Janesville,California,USA
Denair,California,USA
Orinda,California,USA
Huron,California,USA
Rainbow,California,USA
Ridgemark,California,USA
Citrus Heights,California,USA
Lake of the Woods,California,USA
Oak View,California,USA
South Dos Palos,California,USA
Anchor Bay,California,USA
Boonville,California,USA
La Verne,California,USA
Albion,California,USA
Oildale,California,USA
Westmont,California,USA
La Selva Beach,California,USA
Collierville,California,USA
